bgc_name	membership_value	genome_name
FJ_XM_contig_10132429.region001	0.0	FJ_XM_bin_114
GD_ZH_contig_5428584.region001	0.0	GD_ZH_bin_51
LN_DD_contig_9803951.region001	0.334781300741884	LN_DD_bin_92
SD_DY_contig_10982070.region001	0.25	SD_DY_bin_422
ZJ_WZ_contig_3869886.region001	0.0	ZJ_WZ_bin_197
FJ_XM_contig_20067532.region001	0.0	FJ_XM_bin_40
FJ_XM_contig_25903625.region001	0.0	FJ_XM_bin_71
FJ_XM_contig_36007956.region001	1.49011611938477e-08	FJ_XM_bin_119
FJ_XM_contig_3842960.region001	0.371500849855822	FJ_XM_bin_79
SD_QD_contig_28664982.region001	1.49011611938477e-08	SD_QD_bin_13
FJ_XM_contig_6476499.region001	0.0	FJ_XM_bin_40
ZJ_WZ_contig_10680920.region001	0.0	ZJ_WZ_bin_228
FJ_XM_contig_7002625.region001	0.133630620956213	FJ_XM_bin_75
GD_ZH_contig_17764897.region001	1.49011611938477e-08	GD_ZH_bin_51
FJ_XM_contig_7439548.region001	0.0	FJ_XM_bin_95
FJ_XM_contig_8618480.region001	0.384422803063027	FJ_XM_bin_118
JS_YC_contig_8132437.region001	0.0	JS_YC_bin_99
FJ_XM_contig_8771700.region001	0.0	FJ_XM_bin_7
GD_ST_contig_15982840.region001	0.0	GD_ST_bin_3
SD_QD_contig_17702344.region001	0.0	SD_QD_bin_281
JS_YC_contig_16058719.region001	0.0	JS_YC_bin_130
GD_ST_contig_18775541.region001	0.0	GD_ST_bin_148
FJ_XM_contig_14643173.region001	0.285330616055723	FJ_XM_bin_21
HN_SY_contig_14027799.region001	0.316969095432103	HN_SY_bin_100
HN_SY_contig_14244818.region001	0.36911642497031	HN_SY_bin_56
LN_DD_contig_1830857.region001	0.0	LN_DD_bin_194
LN_DD_contig_21844107.region001	0.362588004670805	LN_DD_bin_167
LN_DD_contig_22189433.region001	0.347151299007423	LN_DD_bin_19
LN_DD_contig_9188250.region001	0.36911642497031	LN_DD_bin_155
SD_DY_contig_9762380.region001	0.355937232152923	SD_DY_bin_353
SD_QD_contig_21321412.region001	0.37020064160603	SD_QD_bin_76
ZJ_WZ_contig_24681133.region001	0.0	ZJ_WZ_bin_66
GD_ST_contig_21330448.region001	0.0	GD_ST_bin_3
GD_ST_contig_22097523.region001	0.0	GD_ST_bin_5
GD_ST_contig_26210141.region001	0.0	GD_ST_bin_38
SD_DY_contig_17932626.region001	1.49011611938477e-08	SD_DY_bin_322
ZJ_NB_contig_10317887.region001	2.1073424255447e-08	ZJ_NB_bin_104
SD_QD_contig_10380044.region001	0.0	SD_QD_bin_125
ZJ_NB_contig_5940340.region001	0.0	ZJ_NB_bin_175
GD_ST_contig_4723645.region001	0.0	GD_ST_bin_100
GD_ST_contig_6145992.region001	0.0	GD_ST_bin_135
GD_ZH_contig_17932586.region001	0.291296408402385	GD_ZH_bin_20
ZJ_WZ_contig_23658316.region001	0.291296408402385	ZJ_WZ_bin_165
ZJ_WZ_contig_13472811.region001	1.49011611938477e-08	ZJ_WZ_bin_219
GD_ZH_contig_10505396.region001	0.0	GD_ZH_bin_152
GD_ZH_contig_1057872.region001	0.0	GD_ZH_bin_69
GD_ZH_contig_11187011.region001	0.0	GD_ZH_bin_232
JS_YC_contig_21011630.region001	0.0	JS_YC_bin_8
GD_ZH_contig_11920709.region001	0.0	GD_ZH_bin_266
GD_ZH_contig_11962797.region001	0.0	GD_ZH_bin_89
GD_ZH_contig_11035848.region001	0.0	GD_ZH_bin_207
GD_ZH_contig_8508877.region001	0.0	GD_ZH_bin_118
GD_ZH_contig_13764930.region001	1.49011611938477e-08	GD_ZH_bin_3
GD_ZH_contig_13860703.region001	1.49011611938477e-08	GD_ZH_bin_118
GD_ZH_contig_14663506.region002	0.0	GD_ZH_bin_214
GD_ZH_contig_15177757.region001	0.0	GD_ZH_bin_237
GD_ZH_contig_15448967.region001	1.49011611938477e-08	GD_ZH_bin_147
GD_ZH_contig_1550518.region001	0.0	GD_ZH_bin_83
GD_ZH_contig_15621398.region001	1.49011611938477e-08	GD_ZH_bin_111
GD_ZH_contig_15682576.region001	1.49011611938477e-08	GD_ZH_bin_152
GD_ST_contig_20937887.region001	0.371500849855822	GD_ST_bin_144
GD_ST_contig_3015468.region001	0.369470050303586	GD_ST_bin_23
GD_ZH_contig_19975720.region001	0.0	GD_ZH_bin_226
GD_ZH_contig_15232623.region001	0.0	GD_ZH_bin_152
GD_ZH_contig_18666303.region001	1.49011611938477e-08	GD_ZH_bin_8
GD_ZH_contig_17588901.region001	0.0	GD_ZH_bin_28
GD_ZH_contig_17844912.region001	0.0	GD_ZH_bin_81
SD_DY_contig_24549765.region001	0.0	SD_DY_bin_178
GD_ZH_contig_25819278.region001	0.381933141802743	GD_ZH_bin_214
ZJ_NB_contig_13344857.region001	0.0	ZJ_NB_bin_63
GD_ZH_contig_18629089.region001	0.0	GD_ZH_bin_254
GD_ZH_contig_18671642.region001	0.0	GD_ZH_bin_28
LN_DD_contig_18266370.region001	0.0	LN_DD_bin_194
GD_ZH_contig_20047269.region001	0.0	GD_ZH_bin_111
GD_ZH_contig_20049290.region001	0.0	GD_ZH_bin_36
GD_ZH_contig_4614422.region001	0.0	GD_ZH_bin_239
GD_ZH_contig_20448458.region001	0.391596463443382	GD_ZH_bin_51
SD_DY_contig_774650.region001	0.391596463443383	SD_DY_bin_273
GD_ZH_contig_20469917.region001	1.49011611938477e-08	GD_ZH_bin_20
GD_ZH_contig_20709471.region001	2.1073424255447e-08	GD_ZH_bin_118
GD_ZH_contig_20748211.region001	0.0	GD_ZH_bin_155
GD_ZH_contig_21165519.region001	0.0	GD_ZH_bin_243
GD_ZH_contig_21300796.region001	0.0	GD_ZH_bin_20
GD_ZH_contig_21355347.region001	0.0	GD_ZH_bin_43
SD_DY_contig_8371887.region001	0.0	SD_DY_bin_520
GD_ZH_contig_22468248.region001	2.58095682795178e-08	GD_ZH_bin_30
GD_ZH_contig_22690117.region001	0.0	GD_ZH_bin_166
GD_ZH_contig_22704700.region001	1.49011611938477e-08	GD_ZH_bin_35
GD_ST_contig_20315220.region001	0.318044639012944	GD_ST_bin_14
GD_ZH_contig_22740977.region001	0.318044639012944	GD_ZH_bin_196
HN_SY_contig_2457843.region001	0.307464828190206	HN_SY_bin_117
JS_LYG_contig_4273631.region001	0.307464828190206	JS_LYG_bin_142
SD_DY_contig_6805886.region001	0.307464828190206	SD_DY_bin_344
ZJ_WZ_contig_8482232.region001	0.318044639012944	ZJ_WZ_bin_250
GD_ZH_contig_22835732.region001	0.316155225666377	GD_ZH_bin_62
GD_ZH_contig_23039459.region001	0.0	GD_ZH_bin_221
GD_ZH_contig_23696060.region001	0.0	GD_ZH_bin_3
GD_ZH_contig_23710922.region001	0.0	GD_ZH_bin_37
GD_ZH_contig_24465168.region001	1.49011611938477e-08	GD_ZH_bin_27
GD_ZH_contig_24475604.region001	0.0	GD_ZH_bin_156
SD_QD_contig_18601582.region001	1.49011611938477e-08	SD_QD_bin_210
GD_ZH_contig_25188772.region002	0.0	GD_ZH_bin_81
GD_ZH_contig_25558588.region001	1.49011611938477e-08	GD_ZH_bin_111
GD_ZH_contig_26040568.region001	0.0	GD_ZH_bin_143
GD_ZH_contig_24368148.region001	0.0	GD_ZH_bin_261
SD_QD_contig_12220853.region001	0.378675446807397	SD_QD_bin_256
ZJ_NB_contig_3017658.region001	0.378675446807397	ZJ_NB_bin_47
GD_ZH_contig_26260062.region001	0.0	GD_ZH_bin_3
GD_ZH_contig_271760.region001	0.0	GD_ZH_bin_95
GD_ZH_contig_3646268.region001	0.328984456938357	GD_ZH_bin_203
GD_ZH_contig_25188772.region001	0.0	GD_ZH_bin_81
GD_ZH_contig_4220545.region001	0.369470050303586	GD_ZH_bin_201
GD_ZH_contig_4655867.region001	0.0	GD_ZH_bin_203
GD_ZH_contig_472991.region001	0.0	GD_ZH_bin_111
GD_ZH_contig_5082637.region001	0.300592722489322	GD_ZH_bin_69
GD_ZH_contig_6097759.region001	1.49011611938477e-08	GD_ZH_bin_9
GD_ZH_contig_6197109.region001	0.0	GD_ZH_bin_38
GD_ZH_contig_6393496.region001	0.0	GD_ZH_bin_228
GD_ZH_contig_690738.region001	0.0	GD_ZH_bin_38
GD_ZH_contig_7111405.region001	2.1073424255447e-08	GD_ZH_bin_125
GD_ZH_contig_7586902.region001	0.0	GD_ZH_bin_226
GD_ZH_contig_7592191.region001	1.49011611938477e-08	GD_ZH_bin_237
GD_ZH_contig_7615084.region001	0.0	GD_ZH_bin_12
SD_DY_contig_21552269.region001	2.1073424255447e-08	SD_DY_bin_420
SD_QD_contig_13582417.region001	0.0	SD_QD_bin_139
HN_SY_contig_30840075.region001	0.396235825885271	HN_SY_bin_30
GD_ZH_contig_9171408.region001	0.0	GD_ZH_bin_30
SD_DY_contig_2944661.region001	0.0	SD_DY_bin_337
GD_ZH_contig_9330416.region001	0.392449633714543	GD_ZH_bin_202
GD_ZH_contig_11168689.region001	0.381933141802743	GD_ZH_bin_81
GD_ZH_contig_5560556.region001	0.0	GD_ZH_bin_143
JS_LYG_contig_5507689.region001	0.0	JS_LYG_bin_52
GX_BH_contig_1021579.region001	0.0	GX_BH_bin_105
GX_BH_contig_10221047.region001	0.0	GX_BH_bin_42
FJ_XM_contig_13204604.region001	0.234140664146903	FJ_XM_bin_92
FJ_XM_contig_16504324.region001	0.378675446807397	FJ_XM_bin_13
FJ_XM_contig_21338594.region001	0.234140664146903	FJ_XM_bin_16
GX_BH_contig_10278212.region001	0.364863975505678	GX_BH_bin_18
GX_BH_contig_3268090.region001	0.234140664146903	GX_BH_bin_136
HN_SY_contig_13699430.region001	0.234140664146903	HN_SY_bin_50
HN_SY_contig_27828878.region001	0.234140664146903	HN_SY_bin_112
HN_SY_contig_28974166.region001	0.189338471008335	HN_SY_bin_44
GX_BH_contig_10591095.region001	0.318044639012944	GX_BH_bin_74
HN_SY_contig_13549152.region001	0.371500849855822	HN_SY_bin_169
HN_SY_contig_4021957.region001	0.318044639012944	HN_SY_bin_195
HN_SY_contig_6652238.region001	0.318044639012944	HN_SY_bin_224
JS_LYG_contig_14434570.region001	0.318044639012944	JS_LYG_bin_89
JS_YC_contig_1199444.region001	0.371500849855822	JS_YC_bin_118
SD_DY_contig_13174547.region001	0.371500849855822	SD_DY_bin_266
SD_DY_contig_24728703.region001	0.318044639012944	SD_DY_bin_214
SD_DY_contig_3075865.region001	0.307464828190206	SD_DY_bin_49
SD_QD_contig_6343844.region001	0.318044639012944	SD_QD_bin_165
SD_QD_contig_928358.region001	0.371500849855822	SD_QD_bin_282
ZJ_NB_contig_21688632.region001	0.307464828190206	ZJ_NB_bin_40
ZJ_NB_contig_26402088.region001	0.0	ZJ_NB_bin_28
GX_BH_contig_12122827.region001	0.0	GX_BH_bin_100
GX_BH_contig_12341959.region001	1.49011611938477e-08	GX_BH_bin_101
GX_BH_contig_12786317.region001	0.0	GX_BH_bin_100
GX_BH_contig_13436386.region001	0.0	GX_BH_bin_10
ZJ_WZ_contig_26683625.region001	0.0	ZJ_WZ_bin_2
SD_DY_contig_21293606.region001	0.0	SD_DY_bin_41
GX_BH_contig_15115072.region001	1.49011611938477e-08	GX_BH_bin_5
ZJ_WZ_contig_9074749.region001	0.0	ZJ_WZ_bin_93
JS_YC_contig_8509229.region001	0.0	JS_YC_bin_153
GX_BH_contig_16036022.region001	0.300592722489323	GX_BH_bin_5
GX_BH_contig_12055568.region001	0.317943523726137	GX_BH_bin_95
GX_BH_contig_16427542.region001	0.305076588918175	GX_BH_bin_66
HN_SY_contig_22588944.region001	0.32587010193838	HN_SY_bin_19
GX_BH_contig_16477031.region001	0.0	GX_BH_bin_14
GX_BH_contig_16674494.region001	0.0	GX_BH_bin_105
GX_BH_contig_17258045.region001	0.0	GX_BH_bin_33
SD_QD_contig_5490440.region001	0.0	SD_QD_bin_276
GX_BH_contig_18310404.region001	0.0	GX_BH_bin_105
GX_BH_contig_18343453.region001	2.1073424255447e-08	GX_BH_bin_101
GX_BH_contig_20069125.region001	0.0	GX_BH_bin_10
GX_BH_contig_20167490.region001	0.28654075395435	GX_BH_bin_33
GX_BH_contig_20167490.region002	0.0	GX_BH_bin_33
GX_BH_contig_2078608.region001	0.0	GX_BH_bin_42
JS_LYG_contig_6751442.region001	0.340010200459023	JS_LYG_bin_53
ZJ_NB_contig_17821485.region001	0.0	ZJ_NB_bin_143
ZJ_WZ_contig_21192752.region001	0.370200641606029	ZJ_WZ_bin_218
GX_BH_contig_22412940.region001	0.0	GX_BH_bin_94
ZJ_WZ_contig_10043740.region001	1.49011611938477e-08	ZJ_WZ_bin_191
GX_BH_contig_18438520.region001	0.364863975505678	GX_BH_bin_66
GX_BH_contig_23940918.region001	0.364863975505678	GX_BH_bin_95
HN_SY_contig_18244650.region001	0.364863975505678	HN_SY_bin_19
HN_SY_contig_27942486.region001	0.364863975505678	HN_SY_bin_220
GX_BH_contig_24055.region001	0.345283150204857	GX_BH_bin_59
LN_DD_contig_1340730.region001	0.0	LN_DD_bin_178
SD_QD_contig_11888979.region001	1.49011611938477e-08	SD_QD_bin_140
GX_BH_contig_2507503.region001	0.0	GX_BH_bin_103
GX_BH_contig_2507503.region002	0.362975877599346	GX_BH_bin_103
GD_ZH_contig_12515053.region001	0.238918088583136	GD_ZH_bin_243
JS_YC_contig_554782.region001	0.369335300534742	JS_YC_bin_70
SD_DY_contig_19756711.region001	0.238918088583136	SD_DY_bin_69
SD_DY_contig_28173100.region001	0.346662181731457	SD_DY_bin_425
SD_DY_contig_5224359.region001	0.335487865714136	SD_DY_bin_69
ZJ_WZ_contig_5523397.region001	0.0	ZJ_WZ_bin_99
SD_DY_contig_22131439.region001	2.58095682795178e-08	SD_DY_bin_513
FJ_XM_contig_32091600.region001	0.318044639012944	FJ_XM_bin_28
GX_BH_contig_19604588.region001	0.318044639012944	GX_BH_bin_121
GX_BH_contig_28949178.region001	1.49011611938477e-08	GX_BH_bin_33
GX_BH_contig_30114697.region001	0.0	GX_BH_bin_42
GX_BH_contig_33316885.region001	0.0	GX_BH_bin_33
GX_BH_contig_33316885.region002	0.0	GX_BH_bin_33
GX_BH_contig_3693063.region001	0.0	GX_BH_bin_100
GX_BH_contig_3800177.region001	0.348477116036947	GX_BH_bin_80
ZJ_NB_contig_4165638.region001	0.348477116036947	ZJ_NB_bin_125
ZJ_WZ_contig_5071952.region001	0.0	ZJ_WZ_bin_99
GX_BH_contig_6745036.region001	0.0	GX_BH_bin_52
GX_BH_contig_8722246.region001	0.0	GX_BH_bin_27
ZJ_WZ_contig_8540778.region001	0.0	ZJ_WZ_bin_158
HN_SY_contig_11273986.region001	0.239690463401899	HN_SY_bin_177
HN_SY_contig_1142122.region001	0.393839485486133	HN_SY_bin_19
HN_SY_contig_32799665.region001	0.318232725583766	HN_SY_bin_50
HN_SY_contig_6240856.region001	0.189338471008335	HN_SY_bin_220
LN_DD_contig_25544868.region001	0.0	LN_DD_bin_170
ZJ_WZ_contig_7574250.region001	0.362975877599347	ZJ_WZ_bin_91
HN_SY_contig_11734991.region002	0.0	HN_SY_bin_50
GD_ST_contig_6032448.region001	0.0	GD_ST_bin_3
GD_ZH_contig_6558738.region001	0.0	GD_ZH_bin_62
HN_SY_contig_12459224.region001	2.1073424255447e-08	HN_SY_bin_42
HN_SY_contig_12577478.region001	0.387120418958572	HN_SY_bin_136
HN_SY_contig_13282090.region001	1.49011611938477e-08	HN_SY_bin_88
HN_SY_contig_13348961.region001	1.49011611938477e-08	HN_SY_bin_119
HN_SY_contig_13408442.region001	1.49011611938477e-08	HN_SY_bin_105
JS_LYG_contig_7723093.region001	0.0	JS_LYG_bin_116
ZJ_WZ_contig_1147689.region001	0.0	ZJ_WZ_bin_81
HN_SY_contig_15857317.region001	1.49011611938477e-08	HN_SY_bin_157
JS_LYG_contig_3671739.region001	0.205319241635465	JS_LYG_bin_94
FJ_XM_contig_35072142.region001	0.25	FJ_XM_bin_16
HN_SY_contig_1772115.region001	0.25	HN_SY_bin_185
HN_SY_contig_9656337.region001	0.25	HN_SY_bin_79
SD_DY_contig_11395533.region001	0.25	SD_DY_bin_24
SD_DY_contig_26611918.region001	0.25	SD_DY_bin_199
SD_DY_contig_8787890.region001	0.0	SD_DY_bin_508
SD_DY_contig_9572948.region001	0.25	SD_DY_bin_309
SD_QD_contig_1779481.region001	0.25	SD_QD_bin_23
HN_SY_contig_17845991.region001	0.0	HN_SY_bin_121
GX_BH_contig_10108032.region001	0.0	GX_BH_bin_5
HN_SY_contig_20471158.region001	0.0	HN_SY_bin_121
LN_DD_contig_15142576.region001	0.0	LN_DD_bin_141
ZJ_WZ_contig_8310022.region001	0.0	ZJ_WZ_bin_80
SD_QD_contig_1714841.region001	2.1073424255447e-08	SD_QD_bin_233
JS_YC_contig_21011630.region002	1.49011611938477e-08	JS_YC_bin_8
HN_SY_contig_30612883.region001	0.205319241635465	HN_SY_bin_151
HN_SY_contig_29785057.region001	0.205319241635465	HN_SY_bin_105
JS_LYG_contig_14949925.region001	0.205319241635465	JS_LYG_bin_116
ZJ_WZ_contig_14999868.region001	0.205319241635465	ZJ_WZ_bin_81
HN_SY_contig_11483605.region001	0.0	HN_SY_bin_70
HN_SY_contig_1836583.region001	0.39623582588527	HN_SY_bin_188
HN_SY_contig_29577461.region001	0.39623582588527	HN_SY_bin_172
HN_SY_contig_29673680.region001	0.39623582588527	HN_SY_bin_26
LN_DD_contig_4516271.region001	0.39623582588527	LN_DD_bin_147
HN_SY_contig_29728826.region001	0.0	HN_SY_bin_59
HN_SY_contig_30633376.region001	0.0	HN_SY_bin_89
HN_SY_contig_28694619.region001	0.0	HN_SY_bin_30
HN_SY_contig_1967976.region001	0.0	HN_SY_bin_164
HN_SY_contig_22106833.region001	0.365725413939594	HN_SY_bin_40
HN_SY_contig_32710610.region001	0.316840990300056	HN_SY_bin_58
HN_SY_contig_34022348.region001	0.0	HN_SY_bin_58
HN_SY_contig_10671765.region001	0.31276594915435	HN_SY_bin_58
HN_SY_contig_32261994.region001	0.31276594915435	HN_SY_bin_24
HN_SY_contig_356105.region001	1.49011611938477e-08	HN_SY_bin_15
SD_DY_contig_27851636.region001	0.385337740192596	SD_DY_bin_287
LN_DD_contig_19903652.region001	0.0	LN_DD_bin_196
JS_YC_contig_27825850.region001	0.0	JS_YC_bin_130
JS_YC_contig_7379985.region001	0.0	JS_YC_bin_113
JS_YC_contig_7757555.region001	0.0	JS_YC_bin_196
JS_YC_contig_9600639.region001	0.0	JS_YC_bin_193
HN_SY_contig_9012423.region001	1.49011611938477e-08	HN_SY_bin_140
HN_SY_contig_9553502.region001	1.49011611938477e-08	HN_SY_bin_65
SD_QD_contig_18123446.region002	0.0	SD_QD_bin_276
HN_SY_contig_21286057.region001	0.386569476986637	HN_SY_bin_24
HN_SY_contig_32451159.region001	0.372572792236772	HN_SY_bin_15
JS_LYG_contig_13670360.region001	0.38125881808101	JS_LYG_bin_34
SD_DY_contig_25547877.region001	0.374288397793651	SD_DY_bin_291
SD_DY_contig_25621975.region001	0.335539966152233	SD_DY_bin_195
SD_QD_contig_26898904.region001	0.235590639120697	SD_QD_bin_137
JS_YC_contig_14543176.region001	0.350091997425944	JS_YC_bin_191
JS_LYG_contig_16798679.region001	1.49011611938477e-08	JS_LYG_bin_19
JS_LYG_contig_20606165.region001	0.0	JS_LYG_bin_44
JS_LYG_contig_24084035.region001	0.384137543841122	JS_LYG_bin_95
LN_DD_contig_15547942.region001	0.331624876799164	LN_DD_bin_43
JS_LYG_contig_2528289.region001	0.0	JS_LYG_bin_20
JS_LYG_contig_2546501.region001	0.0	JS_LYG_bin_137
JS_LYG_contig_2628360.region001	0.0	JS_LYG_bin_135
HN_SY_contig_1943636.region001	0.316969095432103	HN_SY_bin_164
HN_SY_contig_30621989.region001	0.36911642497031	HN_SY_bin_198
JS_LYG_contig_16759597.region001	0.385523423933187	JS_LYG_bin_95
JS_LYG_contig_6965159.region001	0.316969095432103	JS_LYG_bin_34
LN_DD_contig_392358.region001	0.0	LN_DD_bin_43
LN_DD_contig_4843615.region001	0.385523423933187	LN_DD_bin_102
LN_DD_contig_7206098.region001	0.366386297851589	LN_DD_bin_89
JS_LYG_contig_8569489.region001	0.0	JS_LYG_bin_19
SD_DY_contig_8151327.region001	0.0	SD_DY_bin_508
JS_LYG_contig_9611338.region001	0.0	JS_LYG_bin_29
JS_YC_contig_10194482.region001	0.0	JS_YC_bin_143
JS_YC_contig_10516787.region001	0.0	JS_YC_bin_29
JS_YC_contig_10724583.region001	0.0	JS_YC_bin_60
JS_YC_contig_10765259.region001	1.49011611938477e-08	JS_YC_bin_203
JS_YC_contig_11062336.region001	1.49011611938477e-08	JS_YC_bin_191
JS_YC_contig_12761478.region001	0.0	JS_YC_bin_174
JS_YC_contig_14481514.region001	0.0	JS_YC_bin_126
JS_YC_contig_15133020.region001	1.49011611938477e-08	JS_YC_bin_174
JS_YC_contig_16027063.region001	0.0	JS_YC_bin_146
JS_YC_contig_16118866.region001	0.0	JS_YC_bin_143
JS_YC_contig_1625486.region001	0.0	JS_YC_bin_72
JS_YC_contig_16477379.region001	2.1073424255447e-08	JS_YC_bin_136
HN_SY_contig_1156246.region001	0.383971418470799	HN_SY_bin_124
JS_YC_contig_1735049.region001	0.292227746151864	JS_YC_bin_192
LN_DD_contig_20871048.region001	2.58095682795178e-08	LN_DD_bin_19
SD_DY_contig_10578473.region001	0.297121519865515	SD_DY_bin_329
SD_DY_contig_11901346.region001	0.338784976670035	SD_DY_bin_28
SD_DY_contig_14656958.region001	0.361818035690489	SD_DY_bin_116
SD_DY_contig_15915849.region001	0.300564026063993	SD_DY_bin_454
SD_DY_contig_16237992.region001	0.380133349408092	SD_DY_bin_97
SD_DY_contig_3685787.region001	0.340441089246717	SD_DY_bin_248
SD_DY_contig_88252.region001	0.0	SD_DY_bin_449
SD_DY_contig_8928799.region001	0.0	SD_DY_bin_82
SD_QD_contig_30170427.region001	0.235590639120697	SD_QD_bin_224
ZJ_NB_contig_4585553.region001	0.329649254428056	ZJ_NB_bin_184
ZJ_WZ_contig_24981772.region001	0.0	ZJ_WZ_bin_66
GX_BH_contig_16858399.region001	0.371311374951348	GX_BH_bin_5
SD_QD_contig_6912869.region001	0.371311374951349	SD_QD_bin_44
JS_YC_contig_1759837.region001	0.0	JS_YC_bin_21
JS_YC_contig_18384098.region001	0.0	JS_YC_bin_130
JS_YC_contig_2007391.region001	0.0	JS_YC_bin_41
JS_YC_contig_20584320.region001	0.0	JS_YC_bin_72
JS_YC_contig_20679478.region001	0.0	JS_YC_bin_203
JS_YC_contig_20799038.region001	1.49011611938477e-08	JS_YC_bin_93
JS_YC_contig_21296860.region001	2.1073424255447e-08	JS_YC_bin_203
JS_YC_contig_13125580.region001	0.0	JS_YC_bin_56
JS_YC_contig_21585476.region001	0.0	JS_YC_bin_24
JS_YC_contig_21700320.region001	0.0	JS_YC_bin_56
JS_YC_contig_21968682.region001	0.270801280154532	JS_YC_bin_35
JS_YC_contig_7916021.region001	0.270801280154532	JS_YC_bin_72
JS_YC_contig_22318882.region001	0.0	JS_YC_bin_214
JS_YC_contig_22461621.region001	0.0	JS_YC_bin_159
JS_YC_contig_22543303.region001	0.0	JS_YC_bin_41
JS_YC_contig_23240695.region001	0.0	JS_YC_bin_145
JS_YC_contig_23261027.region001	1.49011611938477e-08	JS_YC_bin_35
JS_YC_contig_23330129.region001	0.0	JS_YC_bin_126
JS_YC_contig_26165720.region001	0.0	JS_YC_bin_153
JS_YC_contig_26309391.region001	1.49011611938477e-08	JS_YC_bin_41
JS_YC_contig_26509841.region001	0.363815860486084	JS_YC_bin_143
JS_YC_contig_27076495.region001	0.0	JS_YC_bin_56
JS_YC_contig_27825207.region001	0.0	JS_YC_bin_41
JS_YC_contig_417906.region002	0.0	JS_YC_bin_41
JS_YC_contig_4370753.region001	1.49011611938477e-08	JS_YC_bin_18
JS_YC_contig_4584440.region001	2.1073424255447e-08	JS_YC_bin_56
FJ_XM_contig_2813959.region001	2.1073424255447e-08	FJ_XM_bin_120
GX_BH_contig_31462154.region001	0.29172998299579	GX_BH_bin_43
GX_BH_contig_33343095.region001	0.0	GX_BH_bin_12
JS_YC_contig_2366589.region001	0.338371420495222	JS_YC_bin_17
JS_YC_contig_5422315.region001	1.49011611938477e-08	JS_YC_bin_145
JS_YC_contig_6112245.region001	0.343387647787311	JS_YC_bin_113
JS_YC_contig_6167522.region001	0.0	JS_YC_bin_171
JS_YC_contig_620288.region001	1.49011611938477e-08	JS_YC_bin_174
JS_YC_contig_6238280.region001	0.0	JS_YC_bin_35
JS_YC_contig_62914.region001	0.0	JS_YC_bin_171
JS_YC_contig_62914.region002	0.0	JS_YC_bin_171
JS_YC_contig_6459982.region001	0.0	JS_YC_bin_196
JS_YC_contig_6510465.region001	0.0	JS_YC_bin_143
HN_SY_contig_6190292.region001	1.49011611938477e-08	HN_SY_bin_156
JS_YC_contig_18347970.region001	0.316969095432103	JS_YC_bin_172
JS_YC_contig_6877473.region001	0.316969095432103	JS_YC_bin_36
LN_DD_contig_206161.region001	0.316969095432103	LN_DD_bin_31
LN_DD_contig_2402699.region001	0.36911642497031	LN_DD_bin_136
SD_QD_contig_8037598.region001	0.316969095432103	SD_QD_bin_91
ZJ_WZ_contig_17291498.region001	0.316969095432103	ZJ_WZ_bin_61
JS_YC_contig_7628828.region001	1.49011611938477e-08	JS_YC_bin_41
JS_YC_contig_5390013.region001	0.0	JS_YC_bin_101
JS_YC_contig_803029.region001	1.49011611938477e-08	JS_YC_bin_56
ZJ_NB_contig_9590778.region001	0.272852659031233	ZJ_NB_bin_99
JS_YC_contig_916902.region001	2.1073424255447e-08	JS_YC_bin_43
JS_YC_contig_9188131.region001	0.0	JS_YC_bin_211
FJ_XM_contig_5614860.region001	0.287811869561661	FJ_XM_bin_21
LN_DD_contig_14823061.region001	0.287811869561661	LN_DD_bin_155
LN_DD_contig_5684987.region001	1.49011611938477e-08	LN_DD_bin_132
JS_YC_contig_9768395.region001	0.0	JS_YC_bin_57
LN_DD_contig_1553090.region001	0.0	LN_DD_bin_142
JS_YC_contig_9844050.region001	0.0	JS_YC_bin_72
GD_ZH_contig_10997029.region001	0.0	GD_ZH_bin_81
ZJ_NB_contig_3746119.region001	0.0	ZJ_NB_bin_62
LN_DD_contig_19921525.region001	0.20963839324228	LN_DD_bin_122
LN_DD_contig_2636409.region001	0.290817414453393	LN_DD_bin_55
LN_DD_contig_2858753.region001	0.244011179178973	LN_DD_bin_56
SD_QD_contig_27772578.region001	0.20963839324228	SD_QD_bin_29
LN_DD_contig_10495670.region001	0.0	LN_DD_bin_10
LN_DD_contig_10836693.region002	2.1073424255447e-08	LN_DD_bin_33
JS_LYG_contig_7787198.region001	0.307464828190206	JS_LYG_bin_49
LN_DD_contig_11006128.region001	0.318044639012944	LN_DD_bin_163
LN_DD_contig_11057742.region001	2.98023223876953e-08	LN_DD_bin_141
LN_DD_contig_5281645.region001	2.1073424255447e-08	LN_DD_bin_1
LN_DD_contig_11293265.region001	0.39706708396438	LN_DD_bin_194
LN_DD_contig_11412531.region001	0.0	LN_DD_bin_109
LN_DD_contig_11544331.region001	1.49011611938477e-08	LN_DD_bin_73
FJ_XM_contig_32429716.region001	0.21732635158473	FJ_XM_bin_45
LN_DD_contig_11942500.region001	0.21732635158473	LN_DD_bin_191
ZJ_WZ_contig_15982881.region001	0.217326351584729	ZJ_WZ_bin_60
ZJ_WZ_contig_18891158.region001	0.217326351584729	ZJ_WZ_bin_220
GD_ST_contig_680348.region001	0.37020064160603	GD_ST_bin_33
GX_BH_contig_18494257.region001	1.49011611938477e-08	GX_BH_bin_97
JS_YC_contig_1194294.region001	0.327072251186446	JS_YC_bin_125
JS_YC_contig_14295614.region001	0.357313966205414	JS_YC_bin_147
JS_YC_contig_25272848.region001	0.285330616055723	JS_YC_bin_134
LN_DD_contig_12224289.region001	0.37020064160603	LN_DD_bin_61
SD_QD_contig_5006522.region001	0.216718525590137	SD_QD_bin_218
LN_DD_contig_12436789.region001	0.0	LN_DD_bin_109
LN_DD_contig_13226306.region001	0.0	LN_DD_bin_127
FJ_XM_contig_24558405.region001	0.316969095432103	FJ_XM_bin_72
GD_ZH_contig_8128503.region001	0.211041134193002	GD_ZH_bin_147
GD_ZH_contig_8452008.region001	0.234913571379869	GD_ZH_bin_227
GX_BH_contig_14249831.region001	0.211041134193002	GX_BH_bin_53
JS_YC_contig_4649134.region001	0.234913571379869	JS_YC_bin_64
JS_YC_contig_8474039.region001	0.387294385311944	JS_YC_bin_97
LN_DD_contig_13263177.region001	0.211041134193002	LN_DD_bin_122
LN_DD_contig_3938320.region001	0.211041134193002	LN_DD_bin_55
LN_DD_contig_4539170.region001	0.211041134193002	LN_DD_bin_56
LN_DD_contig_5503133.region001	0.211041134193002	LN_DD_bin_18
SD_QD_contig_2171827.region001	0.387294385311944	SD_QD_bin_186
SD_QD_contig_23710337.region001	0.316969095432103	SD_QD_bin_227
SD_QD_contig_25663624.region001	0.211041134193002	SD_QD_bin_29
SD_QD_contig_4090016.region001	0.211041134193002	SD_QD_bin_216
ZJ_NB_contig_1333191.region001	0.211041134193002	ZJ_NB_bin_160
ZJ_WZ_contig_11264317.region001	0.211041134193002	ZJ_WZ_bin_107
SD_QD_contig_14356132.region001	1.49011611938477e-08	SD_QD_bin_109
FJ_XM_contig_17740019.region001	0.188641208309964	FJ_XM_bin_7
GD_ST_contig_2713754.region001	0.316969095432103	GD_ST_bin_136
GX_BH_contig_29824641.region001	0.188641208309964	GX_BH_bin_62
HN_SY_contig_15494922.region001	0.23623228406273	HN_SY_bin_90
HN_SY_contig_2223795.region001	0.211041134193002	HN_SY_bin_153
HN_SY_contig_22886643.region001	0.316969095432103	HN_SY_bin_73
HN_SY_contig_30482831.region001	0.19080020221407	HN_SY_bin_146
JS_LYG_contig_13330056.region001	0.234603154760119	JS_LYG_bin_137
JS_LYG_contig_15512364.region001	0.210308897002051	JS_LYG_bin_29
LN_DD_contig_14173740.region001	0.251261965923106	LN_DD_bin_28
LN_DD_contig_14239459.region001	0.19080020221407	LN_DD_bin_29
LN_DD_contig_7420435.region001	0.188641208309964	LN_DD_bin_68
LN_DD_contig_915494.region001	0.255827684769193	LN_DD_bin_1
SD_DY_contig_15509516.region001	0.19080020221407	SD_DY_bin_97
SD_DY_contig_17486641.region001	0.329269973602134	SD_DY_bin_119
SD_DY_contig_21620399.region001	0.188641208309964	SD_DY_bin_28
SD_DY_contig_23137355.region001	0.234603154760119	SD_DY_bin_2
SD_DY_contig_26367329.region001	0.316969095432103	SD_DY_bin_488
SD_DY_contig_8161538.region001	0.210308897002051	SD_DY_bin_28
SD_QD_contig_27213996.region001	0.316969095432103	SD_QD_bin_86
ZJ_WZ_contig_17762967.region001	0.19080020221407	ZJ_WZ_bin_175
ZJ_WZ_contig_24971922.region001	0.188641208309964	ZJ_WZ_bin_227
ZJ_WZ_contig_25346870.region001	0.395228592742891	ZJ_WZ_bin_205
ZJ_WZ_contig_3077644.region001	0.316969095432103	ZJ_WZ_bin_242
GX_BH_contig_2003671.region001	0.0	GX_BH_bin_134
GX_BH_contig_30578862.region001	1.49011611938477e-08	GX_BH_bin_59
LN_DD_contig_15597930.region001	0.0	LN_DD_bin_69
GD_ZH_contig_19077924.region001	0.272852659031233	GD_ZH_bin_258
LN_DD_contig_15659777.region001	0.377384454413042	LN_DD_bin_202
SD_QD_contig_27727402.region001	0.318490742328695	SD_QD_bin_210
ZJ_NB_contig_9980112.region001	0.367527603325972	ZJ_NB_bin_24
LN_DD_contig_16136461.region001	2.1073424255447e-08	LN_DD_bin_187
LN_DD_contig_1643.region001	0.0	LN_DD_bin_73
LN_DD_contig_17079702.region001	0.0	LN_DD_bin_69
LN_DD_contig_17408839.region001	0.0	LN_DD_bin_170
LN_DD_contig_20663041.region002	0.0	LN_DD_bin_61
GD_ST_contig_7326682.region001	0.371861947741725	GD_ST_bin_175
JS_LYG_contig_13307927.region001	0.369947260349349	JS_LYG_bin_65
LN_DD_contig_21849945.region001	0.371861947741725	LN_DD_bin_202
SD_QD_contig_26166321.region001	0.369947260349349	SD_QD_bin_210
ZJ_NB_contig_11200412.region001	0.369947260349349	ZJ_NB_bin_99
LN_DD_contig_21871493.region001	0.0	LN_DD_bin_29
LN_DD_contig_21872672.region001	0.0	LN_DD_bin_190
LN_DD_contig_2192311.region001	0.0	LN_DD_bin_170
LN_DD_contig_22164709.region001	0.0	LN_DD_bin_194
LN_DD_contig_22504336.region001	2.1073424255447e-08	LN_DD_bin_170
LN_DD_contig_10929269.region001	2.1073424255447e-08	LN_DD_bin_190
GD_ZH_contig_20981959.region001	0.205319241635465	GD_ZH_bin_21
HN_SY_contig_8912320.region001	0.301132184307272	HN_SY_bin_69
LN_DD_contig_25583367.region001	0.202667582237359	LN_DD_bin_159
LN_DD_contig_3259245.region001	0.202667582237359	LN_DD_bin_46
LN_DD_contig_4241638.region001	0.0	LN_DD_bin_123
LN_DD_contig_67352.region001	0.0	LN_DD_bin_141
ZJ_WZ_contig_18452205.region002	0.0	ZJ_WZ_bin_60
LN_DD_contig_7332852.region001	0.0	LN_DD_bin_191
GD_ZH_contig_15688152.region001	0.0	GD_ZH_bin_209
JS_YC_contig_22083760.region001	0.0	JS_YC_bin_126
GD_ZH_contig_25377072.region001	2.1073424255447e-08	GD_ZH_bin_223
ZJ_WZ_contig_1545005.region001	0.0	ZJ_WZ_bin_25
SD_DY_contig_11036278.region001	0.0	SD_DY_bin_105
SD_DY_contig_11076962.region001	0.363178041751352	SD_DY_bin_308
SD_DY_contig_13178059.region001	1.49011611938477e-08	SD_DY_bin_70
SD_DY_contig_27978922.region001	0.363178041751352	SD_DY_bin_332
LN_DD_contig_5684987.region002	2.1073424255447e-08	LN_DD_bin_132
SD_DY_contig_11174015.region001	0.276823942619193	SD_DY_bin_296
SD_DY_contig_19078563.region001	0.252198811025519	SD_DY_bin_474
SD_DY_contig_4124005.region001	0.0	SD_DY_bin_1
ZJ_WZ_contig_22795467.region001	0.0	ZJ_WZ_bin_26
SD_DY_contig_11889987.region001	0.0	SD_DY_bin_514
SD_DY_contig_12023912.region001	0.0	SD_DY_bin_344
GD_ZH_contig_9427432.region001	0.0	GD_ZH_bin_232
ZJ_NB_contig_13550806.region001	0.350091997425945	ZJ_NB_bin_99
SD_DY_contig_12608734.region001	0.0	SD_DY_bin_478
SD_DY_contig_13090631.region001	0.0	SD_DY_bin_118
SD_DY_contig_13224212.region001	1.49011611938477e-08	SD_DY_bin_46
SD_DY_contig_13237343.region001	0.0	SD_DY_bin_254
SD_DY_contig_136613.region001	0.0	SD_DY_bin_241
SD_DY_contig_13983864.region001	0.0	SD_DY_bin_116
SD_DY_contig_141141.region001	0.0	SD_DY_bin_42
SD_DY_contig_14165360.region001	2.1073424255447e-08	SD_DY_bin_139
SD_DY_contig_21655770.region001	0.328984456938357	SD_DY_bin_5
SD_DY_contig_27579362.region001	0.0	SD_DY_bin_178
SD_DY_contig_6127333.region001	0.0	SD_DY_bin_39
SD_DY_contig_15382486.region001	0.0	SD_DY_bin_344
SD_DY_contig_15429925.region001	0.0	SD_DY_bin_428
SD_DY_contig_15443866.region001	0.0	SD_DY_bin_194
ZJ_NB_contig_22334498.region001	0.0	ZJ_NB_bin_143
SD_DY_contig_1580874.region001	0.0	SD_DY_bin_460
SD_DY_contig_15864561.region001	0.0	SD_DY_bin_142
SD_DY_contig_16172338.region001	0.0	SD_DY_bin_118
LN_DD_contig_24390107.region001	0.39793431203014	LN_DD_bin_103
SD_DY_contig_8140778.region001	0.39793431203014	SD_DY_bin_58
SD_DY_contig_16951154.region001	0.0	SD_DY_bin_39
SD_DY_contig_16969697.region001	0.371500849855822	SD_DY_bin_442
SD_DY_contig_17334431.region001	0.0	SD_DY_bin_318
SD_DY_contig_18055696.region001	0.0	SD_DY_bin_460
SD_DY_contig_18057348.region001	0.39706708396438	SD_DY_bin_64
SD_DY_contig_28874216.region001	0.39706708396438	SD_DY_bin_392
SD_DY_contig_1601259.region001	0.344317366356036	SD_DY_bin_255
SD_DY_contig_17750195.region001	0.344317366356036	SD_DY_bin_318
SD_DY_contig_18297150.region001	0.0	SD_DY_bin_149
SD_DY_contig_18442958.region001	0.0	SD_DY_bin_48
SD_DY_contig_18530652.region001	0.0	SD_DY_bin_514
SD_DY_contig_18591293.region001	2.58095682795178e-08	SD_DY_bin_287
SD_DY_contig_19035083.region001	0.374924029333139	SD_DY_bin_308
SD_DY_contig_23097043.region001	0.374924029333139	SD_DY_bin_70
SD_DY_contig_9503705.region001	0.0	SD_DY_bin_332
GD_ST_contig_14122494.region001	0.371500849855822	GD_ST_bin_50
LN_DD_contig_2931631.region001	0.307464828190206	LN_DD_bin_60
SD_DY_contig_20108820.region001	0.318044639012944	SD_DY_bin_72
SD_DY_contig_8436493.region001	0.307464828190206	SD_DY_bin_172
ZJ_WZ_contig_9798746.region001	0.371500849855822	ZJ_WZ_bin_210
SD_DY_contig_655463.region001	0.0	SD_DY_bin_329
JS_YC_contig_14104893.region001	0.0	JS_YC_bin_147
SD_DY_contig_20517722.region001	0.0	SD_DY_bin_38
SD_DY_contig_20700754.region001	0.0	SD_DY_bin_53
SD_DY_contig_21746912.region001	0.0	SD_DY_bin_86
SD_DY_contig_21758158.region001	0.0	SD_DY_bin_206
SD_DY_contig_21769247.region002	0.0	SD_DY_bin_460
SD_DY_contig_2231221.region002	2.58095682795178e-08	SD_DY_bin_501
SD_DY_contig_2257385.region002	0.0	SD_DY_bin_194
SD_DY_contig_22674571.region001	1.49011611938477e-08	SD_DY_bin_329
SD_DY_contig_13978077.region001	0.25	SD_DY_bin_289
SD_DY_contig_22735926.region001	0.384284003340889	SD_DY_bin_460
SD_DY_contig_22986715.region001	2.1073424255447e-08	SD_DY_bin_304
SD_DY_contig_2314354.region001	0.0	SD_DY_bin_327
SD_DY_contig_23471664.region001	2.1073424255447e-08	SD_DY_bin_344
SD_DY_contig_2357354.region001	1.49011611938477e-08	SD_DY_bin_514
SD_DY_contig_24002907.region001	0.0	SD_DY_bin_392
SD_DY_contig_24064551.region001	0.0	SD_DY_bin_273
SD_DY_contig_24158636.region001	0.0	SD_DY_bin_321
SD_DY_contig_24905932.region001	0.0	SD_DY_bin_119
SD_DY_contig_25158393.region001	0.0	SD_DY_bin_287
SD_DY_contig_25391349.region001	0.0	SD_DY_bin_365
SD_DY_contig_25612939.region001	0.0	SD_DY_bin_513
SD_QD_contig_16733670.region001	0.0	SD_QD_bin_143
SD_DY_contig_25818256.region001	0.0	SD_DY_bin_460
SD_DY_contig_2611000.region001	0.363815860486084	SD_DY_bin_232
SD_DY_contig_26172748.region001	2.1073424255447e-08	SD_DY_bin_392
JS_YC_contig_1576837.region001	0.0	JS_YC_bin_21
ZJ_WZ_contig_3206502.region001	0.0	ZJ_WZ_bin_72
SD_DY_contig_27608406.region001	0.0	SD_DY_bin_300
SD_DY_contig_27717175.region001	0.0	SD_DY_bin_255
SD_DY_contig_27977251.region001	0.0	SD_DY_bin_466
SD_DY_contig_4503502.region001	1.49011611938477e-08	SD_DY_bin_53
GD_ZH_contig_24067008.region001	0.0	GD_ZH_bin_261
SD_DY_contig_12659141.region001	0.0	SD_DY_bin_292
ZJ_NB_contig_23972005.region001	2.1073424255447e-08	ZJ_NB_bin_2
SD_DY_contig_28922950.region001	0.0	SD_DY_bin_39
SD_DY_contig_29127221.region001	0.0	SD_DY_bin_287
SD_DY_contig_2945408.region001	0.0	SD_DY_bin_45
ZJ_WZ_contig_22617918.region001	0.0	ZJ_WZ_bin_216
SD_DY_contig_3459126.region001	0.0	SD_DY_bin_420
SD_DY_contig_3817580.region001	0.0	SD_DY_bin_267
GD_ZH_contig_18011661.region001	0.0	GD_ZH_bin_81
SD_DY_contig_4541248.region001	0.0	SD_DY_bin_39
SD_DY_contig_4745015.region001	0.0	SD_DY_bin_241
JS_YC_contig_16058719.region002	0.0	JS_YC_bin_130
SD_DY_contig_14037627.region001	0.302362834370416	SD_DY_bin_435
ZJ_NB_contig_2503381.region001	0.302362834370415	ZJ_NB_bin_145
SD_DY_contig_5213305.region001	0.0	SD_DY_bin_304
SD_DY_contig_5353751.region001	0.0	SD_DY_bin_460
SD_DY_contig_5387054.region001	0.0	SD_DY_bin_520
SD_DY_contig_5485583.region001	0.0	SD_DY_bin_329
SD_DY_contig_22389157.region001	1.49011611938477e-08	SD_DY_bin_38
SD_DY_contig_581325.region001	0.0	SD_DY_bin_200
JS_YC_contig_27526575.region001	0.0	JS_YC_bin_191
SD_DY_contig_6213267.region001	0.0	SD_DY_bin_291
SD_DY_contig_6242392.region001	0.0	SD_DY_bin_476
SD_DY_contig_6426584.region001	2.1073424255447e-08	SD_DY_bin_240
SD_DY_contig_6714579.region001	0.0	SD_DY_bin_435
SD_DY_contig_7053520.region001	0.351792977323272	SD_DY_bin_69
SD_DY_contig_2415399.region001	0.0	SD_DY_bin_309
SD_DY_contig_743692.region001	0.0	SD_DY_bin_79
SD_DY_contig_7489233.region001	1.49011611938477e-08	SD_DY_bin_425
SD_DY_contig_8845631.region001	0.0	SD_DY_bin_508
SD_DY_contig_7993784.region001	1.49011611938477e-08	SD_DY_bin_127
SD_DY_contig_80486.region001	0.0	SD_DY_bin_399
JS_YC_contig_22671485.region001	0.294066277138936	JS_YC_bin_119
ZJ_NB_contig_22466019.region001	0.294066277138935	ZJ_NB_bin_176
ZJ_NB_contig_2251211.region001	0.0	ZJ_NB_bin_8
SD_DY_contig_1499571.region001	0.0	SD_DY_bin_318
SD_DY_contig_8331705.region001	0.0	SD_DY_bin_514
SD_DY_contig_8739154.region001	2.1073424255447e-08	SD_DY_bin_322
SD_DY_contig_9013973.region001	1.49011611938477e-08	SD_DY_bin_388
ZJ_WZ_contig_17494129.region001	2.1073424255447e-08	ZJ_WZ_bin_26
SD_DY_contig_9206545.region001	0.0	SD_DY_bin_142
SD_DY_contig_922270.region001	0.0	SD_DY_bin_203
GD_ZH_contig_3798809.region001	0.0	GD_ZH_bin_155
SD_QD_contig_1140820.region001	2.1073424255447e-08	SD_QD_bin_32
SD_QD_contig_118407.region001	0.0	SD_QD_bin_140
SD_QD_contig_12638362.region001	0.0	SD_QD_bin_224
SD_QD_contig_12638362.region002	0.0	SD_QD_bin_224
JS_YC_contig_13093603.region001	0.0	JS_YC_bin_42
SD_QD_contig_14416813.region001	0.367818649305815	SD_QD_bin_44
SD_QD_contig_16779813.region001	0.0	SD_QD_bin_210
SD_QD_contig_17383934.region001	0.0	SD_QD_bin_183
ZJ_WZ_contig_4117647.region001	0.0	ZJ_WZ_bin_204
FJ_XM_contig_32342001.region001	0.384649106780976	FJ_XM_bin_120
JS_YC_contig_19917638.region001	0.384649106780975	JS_YC_bin_42
SD_QD_contig_19928046.region001	0.0	SD_QD_bin_44
FJ_XM_contig_15138506.region001	0.282309422078529	FJ_XM_bin_120
SD_QD_contig_2381810.region001	0.28230942207853	SD_QD_bin_44
SD_QD_contig_2436771.region001	0.0	SD_QD_bin_119
JS_LYG_contig_5413384.region001	0.360131801330996	JS_LYG_bin_25
SD_QD_contig_24592380.region001	0.360131801330997	SD_QD_bin_155
SD_QD_contig_26051585.region001	2.1073424255447e-08	SD_QD_bin_226
SD_QD_contig_13645228.region001	0.0	SD_QD_bin_54
SD_DY_contig_27995665.region001	0.22921772638083	SD_DY_bin_143
SD_QD_contig_26962256.region001	0.229217726380831	SD_QD_bin_139
SD_QD_contig_27933879.region002	0.0	SD_QD_bin_125
SD_QD_contig_4890714.region001	1.49011611938477e-08	SD_QD_bin_209
ZJ_NB_contig_14949570.region001	1.49011611938477e-08	ZJ_NB_bin_126
SD_QD_contig_809665.region001	0.0	SD_QD_bin_250
SD_QD_contig_8242568.region001	0.0	SD_QD_bin_236
ZJ_NB_contig_10063526.region001	0.0	ZJ_NB_bin_29
ZJ_NB_contig_10371558.region001	0.0	ZJ_NB_bin_135
ZJ_NB_contig_10862988.region001	0.0	ZJ_NB_bin_20
ZJ_NB_contig_12141422.region001	0.0	ZJ_NB_bin_27
ZJ_NB_contig_12399028.region001	0.0	ZJ_NB_bin_6
ZJ_NB_contig_12427237.region001	0.0	ZJ_NB_bin_105
SD_QD_contig_15793187.region001	0.0	SD_QD_bin_203
ZJ_NB_contig_12457232.region001	0.0	ZJ_NB_bin_61
SD_QD_contig_15784645.region001	0.239982414183162	SD_QD_bin_203
ZJ_NB_contig_13649733.region001	0.239982414183162	ZJ_NB_bin_61
ZJ_NB_contig_13726994.region001	0.0	ZJ_NB_bin_144
ZJ_NB_contig_13769179.region001	0.0	ZJ_NB_bin_8
FJ_XM_contig_27801339.region001	0.262814777382851	FJ_XM_bin_121
GD_ST_contig_16683047.region001	0.262814777382851	GD_ST_bin_100
ZJ_NB_contig_14911987.region001	0.0	ZJ_NB_bin_49
ZJ_NB_contig_15306841.region001	0.0	ZJ_NB_bin_6
ZJ_NB_contig_15508825.region001	0.0	ZJ_NB_bin_129
ZJ_NB_contig_16271411.region001	0.0	ZJ_NB_bin_2
ZJ_NB_contig_16564760.region001	1.49011611938477e-08	ZJ_NB_bin_27
JS_YC_contig_19437490.region001	0.0	JS_YC_bin_180
ZJ_NB_contig_17883562.region001	0.383693550233423	ZJ_NB_bin_61
ZJ_NB_contig_18018078.region001	0.0	ZJ_NB_bin_78
JS_LYG_contig_12331029.region001	0.0	JS_LYG_bin_44
SD_DY_contig_24155755.region001	0.0	SD_DY_bin_347
SD_QD_contig_12902762.region001	0.330928528335158	SD_QD_bin_271
ZJ_NB_contig_21516717.region001	0.392449633714544	ZJ_NB_bin_144
ZJ_WZ_contig_4787009.region001	0.330928528335158	ZJ_WZ_bin_128
ZJ_NB_contig_22754226.region001	0.0	ZJ_NB_bin_167
ZJ_NB_contig_228189.region001	2.1073424255447e-08	ZJ_NB_bin_125
ZJ_NB_contig_22832207.region001	0.0	ZJ_NB_bin_135
ZJ_NB_contig_23209905.region001	1.49011611938477e-08	ZJ_NB_bin_172
GD_ZH_contig_14663506.region001	0.0	GD_ZH_bin_214
ZJ_NB_contig_25857530.region001	1.49011611938477e-08	ZJ_NB_bin_109
ZJ_NB_contig_26179855.region001	0.0	ZJ_NB_bin_126
ZJ_NB_contig_3689460.region001	0.0	ZJ_NB_bin_49
SD_DY_contig_25831887.region001	0.0	SD_DY_bin_294
ZJ_NB_contig_3812857.region001	0.0	ZJ_NB_bin_16
ZJ_NB_contig_3828479.region001	0.0	ZJ_NB_bin_155
ZJ_NB_contig_4036110.region001	0.0	ZJ_NB_bin_135
ZJ_NB_contig_4217584.region001	0.0	ZJ_NB_bin_146
ZJ_NB_contig_4556953.region001	1.49011611938477e-08	ZJ_NB_bin_175
ZJ_NB_contig_5290923.region001	0.0	ZJ_NB_bin_135
SD_DY_contig_23377154.region001	0.278835891624737	SD_DY_bin_168
ZJ_NB_contig_5406829.region001	0.0	ZJ_NB_bin_8
ZJ_NB_contig_543294.region001	0.0	ZJ_NB_bin_20
ZJ_NB_contig_5616585.region001	0.0	ZJ_NB_bin_106
ZJ_NB_contig_620586.region001	0.0	ZJ_NB_bin_29
ZJ_NB_contig_6893327.region001	0.0	ZJ_NB_bin_20
GX_BH_contig_20205190.region001	0.341504857371462	GX_BH_bin_73
ZJ_NB_contig_6926139.region001	0.324510229085047	ZJ_NB_bin_62
ZJ_WZ_contig_10004541.region001	0.324510229085047	ZJ_WZ_bin_191
ZJ_NB_contig_7145030.region001	0.0	ZJ_NB_bin_20
SD_QD_contig_18123446.region001	2.1073424255447e-08	SD_QD_bin_276
ZJ_NB_contig_8282436.region001	0.0	ZJ_NB_bin_27
ZJ_NB_contig_878734.region001	1.49011611938477e-08	ZJ_NB_bin_121
ZJ_NB_contig_9095850.region001	0.0	ZJ_NB_bin_49
ZJ_WZ_contig_1042638.region001	0.0	ZJ_WZ_bin_92
SD_QD_contig_25723195.region001	0.247986544399507	SD_QD_bin_203
ZJ_NB_contig_27948996.region001	0.247986544399507	ZJ_NB_bin_61
ZJ_WZ_contig_21213051.region001	0.0	ZJ_WZ_bin_154
ZJ_WZ_contig_11284195.region001	1.49011611938477e-08	ZJ_WZ_bin_129
GD_ZH_contig_11051248.region001	0.398127439040773	GD_ZH_bin_9
ZJ_WZ_contig_12097044.region001	0.383693550233423	ZJ_WZ_bin_196
ZJ_WZ_contig_25934647.region001	0.398127439040773	ZJ_WZ_bin_99
ZJ_WZ_contig_12303620.region001	0.0	ZJ_WZ_bin_220
GX_BH_contig_9705425.region001	0.0	GX_BH_bin_29
SD_DY_contig_16568199.region001	2.1073424255447e-08	SD_DY_bin_323
ZJ_WZ_contig_12702479.region001	0.0	ZJ_WZ_bin_151
SD_DY_contig_22824326.region001	1.49011611938477e-08	SD_DY_bin_118
ZJ_WZ_contig_1340147.region001	0.0	ZJ_WZ_bin_216
ZJ_WZ_contig_14331445.region001	0.0	ZJ_WZ_bin_125
ZJ_WZ_contig_15002768.region001	1.49011611938477e-08	ZJ_WZ_bin_154
ZJ_WZ_contig_15002768.region002	1.49011611938477e-08	ZJ_WZ_bin_154
ZJ_WZ_contig_15215092.region001	0.0	ZJ_WZ_bin_80
ZJ_WZ_contig_15853509.region001	0.0	ZJ_WZ_bin_102
ZJ_WZ_contig_16088462.region001	0.0	ZJ_WZ_bin_196
JS_YC_contig_3083345.region001	0.0	JS_YC_bin_191
ZJ_WZ_contig_17632295.region001	0.0	ZJ_WZ_bin_191
ZJ_WZ_contig_18452205.region001	0.0	ZJ_WZ_bin_60
SD_QD_contig_10339056.region002	2.1073424255447e-08	SD_QD_bin_15
ZJ_WZ_contig_19040464.region001	0.32640295666575	ZJ_WZ_bin_204
ZJ_WZ_contig_19620708.region001	0.0	ZJ_WZ_bin_220
ZJ_WZ_contig_19701855.region001	0.0	ZJ_WZ_bin_17
GD_ST_contig_21185174.region001	0.384981447732625	GD_ST_bin_22
ZJ_WZ_contig_1375483.region001	0.384981447732625	ZJ_WZ_bin_2
ZJ_WZ_contig_9598932.region001	1.49011611938477e-08	ZJ_WZ_bin_197
ZJ_WZ_contig_2231014.region001	2.1073424255447e-08	ZJ_WZ_bin_60
LN_DD_contig_19897329.region001	0.186276219783685	LN_DD_bin_191
ZJ_WZ_contig_11021775.region002	0.186276219783686	ZJ_WZ_bin_220
ZJ_WZ_contig_2258288.region001	1.49011611938477e-08	ZJ_WZ_bin_17
SD_DY_contig_22020953.region001	0.0	SD_DY_bin_322
ZJ_WZ_contig_22870814.region001	2.1073424255447e-08	ZJ_WZ_bin_53
GD_ZH_contig_10806400.region001	0.0	GD_ZH_bin_113
ZJ_WZ_contig_23860731.region001	0.371500849855822	ZJ_WZ_bin_115
SD_QD_contig_10339056.region001	0.180938218720113	SD_QD_bin_15
ZJ_WZ_contig_23867843.region001	0.180938218720113	ZJ_WZ_bin_204
ZJ_WZ_contig_24076148.region001	0.0	ZJ_WZ_bin_216
ZJ_WZ_contig_24262117.region001	0.385337740192595	ZJ_WZ_bin_196
ZJ_WZ_contig_25242890.region001	0.0	ZJ_WZ_bin_220
SD_DY_contig_8312628.region001	1.49011611938477e-08	SD_DY_bin_262
ZJ_WZ_contig_25764355.region001	0.0	ZJ_WZ_bin_12
ZJ_WZ_contig_16114896.region001	0.266894404572687	ZJ_WZ_bin_196
ZJ_WZ_contig_25960263.region001	0.266894404572687	ZJ_WZ_bin_6
ZJ_WZ_contig_26260491.region001	0.239690463401899	ZJ_WZ_bin_158
ZJ_WZ_contig_26310595.region001	1.49011611938477e-08	ZJ_WZ_bin_166
ZJ_WZ_contig_26813723.region001	2.1073424255447e-08	ZJ_WZ_bin_17
ZJ_WZ_contig_27064443.region001	1.49011611938477e-08	ZJ_WZ_bin_151
ZJ_WZ_contig_3189721.region001	1.49011611938477e-08	ZJ_WZ_bin_108
ZJ_WZ_contig_3252087.region001	1.49011611938477e-08	ZJ_WZ_bin_161
ZJ_WZ_contig_4168506.region001	0.0	ZJ_WZ_bin_108
ZJ_WZ_contig_4461778.region001	0.0	ZJ_WZ_bin_196
ZJ_WZ_contig_4461778.region002	0.0	ZJ_WZ_bin_196
ZJ_WZ_contig_4476482.region001	0.0	ZJ_WZ_bin_51
ZJ_WZ_contig_14776244.region001	2.1073424255447e-08	ZJ_WZ_bin_151
GX_BH_contig_10051272.region001	0.0857492925712549	GX_BH_bin_73
JS_LYG_contig_3861536.region001	0.0857492925712549	JS_LYG_bin_140
JS_LYG_contig_8893059.region001	0.318044639012944	JS_LYG_bin_54
SD_QD_contig_24632218.region001	0.356343700725353	SD_QD_bin_136
SD_QD_contig_25280275.region001	0.356343700725353	SD_QD_bin_140
ZJ_NB_contig_23219189.region001	0.0857492925712549	ZJ_NB_bin_62
ZJ_NB_contig_7472971.region001	0.0857492925712549	ZJ_NB_bin_121
ZJ_WZ_contig_23194131.region001	0.356343700725353	ZJ_WZ_bin_191
ZJ_WZ_contig_4797395.region001	0.356343700725353	ZJ_WZ_bin_85
ZJ_WZ_contig_5245751.region001	2.1073424255447e-08	ZJ_WZ_bin_80
ZJ_WZ_contig_5432259.region001	2.1073424255447e-08	ZJ_WZ_bin_166
ZJ_WZ_contig_549677.region001	0.0	ZJ_WZ_bin_51
GD_ZH_contig_81338.region001	0.0	GD_ZH_bin_20
LN_DD_contig_20558711.region001	2.1073424255447e-08	LN_DD_bin_109
ZJ_WZ_contig_5699920.region002	0.0	ZJ_WZ_bin_165
ZJ_WZ_contig_5944164.region001	0.0	ZJ_WZ_bin_17
ZJ_WZ_contig_10970164.region001	0.0	ZJ_WZ_bin_80
ZJ_WZ_contig_6169881.region001	1.49011611938477e-08	ZJ_WZ_bin_66
ZJ_WZ_contig_6199230.region001	0.0	ZJ_WZ_bin_60
HN_SY_contig_2903459.region001	0.316969095432103	HN_SY_bin_214
SD_DY_contig_2232790.region001	0.324030804627715	SD_DY_bin_471
ZJ_WZ_contig_6240270.region001	0.360253011983163	ZJ_WZ_bin_204
GD_ZH_contig_21728907.region001	0.0	GD_ZH_bin_210
GD_ZH_contig_18021622.region001	2.1073424255447e-08	GD_ZH_bin_27
ZJ_WZ_contig_6650721.region001	2.1073424255447e-08	ZJ_WZ_bin_10
GD_ZH_contig_11569046.region001	1.49011611938477e-08	GD_ZH_bin_9
ZJ_WZ_contig_6703974.region001	2.1073424255447e-08	ZJ_WZ_bin_196
GD_ST_contig_6033701.region001	0.316969095432103	GD_ST_bin_72
JS_YC_contig_6582269.region001	0.37020064160603	JS_YC_bin_62
SD_QD_contig_11094092.region001	0.37020064160603	SD_QD_bin_75
ZJ_WZ_contig_6835350.region001	0.0	ZJ_WZ_bin_68
GD_ZH_contig_8114372.region001	0.0	GD_ZH_bin_93
ZJ_WZ_contig_8928421.region001	0.0	ZJ_WZ_bin_60
ZJ_WZ_contig_9646821.region001	1.49011611938477e-08	ZJ_WZ_bin_165
LN_DD_contig_20663041.region001	0.0	LN_DD_bin_61
ZJ_WZ_contig_9675887.region001	2.1073424255447e-08	ZJ_WZ_bin_216
ZJ_WZ_contig_9910845.region001	0.0	ZJ_WZ_bin_180
