gcf_id	id_in_run	clustering_id	bgc_id	bgc_name	membership_value
43	43	1	21	GD_ST_bin_3/GD_ST_contig_15982840.region001	0.0
44	44	1	600	ZJ_WZ_bin_191/ZJ_WZ_contig_17632295.region001	0.0
26	26	1	295	LN_DD_bin_109/LN_DD_contig_11412531.region001	0.0
42	42	1	313	LN_DD_bin_178/LN_DD_contig_1340730.region001	0.0
2	2	1	445	SD_DY_bin_508/SD_DY_contig_8787890.region001	0.0
17	17	1	560	ZJ_NB_bin_62/ZJ_NB_contig_6926139.region001	0.324510229085047
34	34	1	592	ZJ_WZ_bin_17/ZJ_WZ_contig_19701855.region001	0.0
17	17	1	598	ZJ_WZ_bin_191/ZJ_WZ_contig_10004541.region001	0.324510229085047
144	144	1	128	GX_BH_bin_103/GX_BH_contig_2507503.region001	0.0
98	98	1	434	SD_DY_bin_460/SD_DY_contig_22735926.region001	0.384284003340889
123	123	1	336	LN_DD_bin_73/LN_DD_contig_1643.region001	0.0
66	66	1	272	JS_YC_bin_45/JS_YC_contig_10349015.region001	1.49011611938477e-08
98	98	1	536	ZJ_NB_bin_181/ZJ_NB_contig_6693270.region001	0.384284003340888
100	100	1	452	SD_DY_bin_514/SD_DY_contig_24157704.region001	0.0
7	7	1	39	GD_ZH_bin_147/GD_ZH_contig_8128503.region001	0.243252238714334
96	96	1	40	GD_ZH_bin_152/GD_ZH_contig_10505396.region001	0.0
12	12	1	184	HN_SY_bin_50/HN_SY_contig_13699430.region001	0.234140664146903
7	7	1	571	ZJ_WZ_bin_107/ZJ_WZ_contig_11264317.region001	0.243252238714334
7	7	1	237	JS_YC_bin_172/JS_YC_contig_18347970.region001	0.261311853655464
9	9	1	423	SD_DY_bin_420/SD_DY_contig_3459126.region001	0.0
29	29	1	372	SD_DY_bin_28/SD_DY_contig_21620399.region001	0.220081409694958
12	12	1	58	GD_ZH_bin_210/GD_ZH_contig_26135987.region001	0.463788791862229
6	6	1	102	GD_ZH_bin_69/GD_ZH_contig_1057872.region001	0.0
24	24	1	511	ZJ_NB_bin_121/ZJ_NB_contig_7472971.region001	0.0857492925712549
5	5	1	418	SD_DY_bin_392/SD_DY_contig_28874216.region001	0.39706708396438
95	95	1	29	GD_ZH_bin_111/GD_ZH_contig_472991.region001	0.0
19	19	1	117	GD_ZH_bin_93/GD_ZH_contig_8114372.region001	0.0
24	24	1	558	ZJ_NB_bin_62/ZJ_NB_contig_23219189.region001	0.0857492925712549
23	23	1	20	GD_ST_bin_23/GD_ST_contig_3015468.region001	0.369470050303586
82	82	1	90	GD_ZH_bin_35/GD_ZH_contig_22704700.region001	1.49011611938477e-08
61	61	1	112	GD_ZH_bin_83/GD_ZH_contig_1550518.region001	0.0
51	51	1	141	GX_BH_bin_33/GX_BH_contig_28949178.region001	1.49011611938477e-08
37	37	1	319	LN_DD_bin_191/LN_DD_contig_19897329.region001	0.186276219783685
29	29	1	326	LN_DD_bin_29/LN_DD_contig_14239459.region001	0.21019809831281
1	1	1	351	SD_DY_bin_172/SD_DY_contig_8436493.region001	0.307464828190206
12	12	1	7	FJ_XM_bin_16/FJ_XM_contig_21338594.region001	0.234140664146903
68	68	1	207	JS_LYG_bin_95/JS_LYG_contig_16759597.region001	0.385523423933187
31	31	1	220	JS_YC_bin_134/JS_YC_contig_25272848.region001	0.173575649503711
68	68	1	293	LN_DD_bin_102/LN_DD_contig_4843615.region001	0.385523423933187
156	156	1	330	LN_DD_bin_43/LN_DD_contig_392358.region001	0.0
73	73	1	479	SD_QD_bin_15/SD_QD_contig_6956646.region001	0.408825211424116
73	73	1	614	ZJ_WZ_bin_204/ZJ_WZ_contig_6240270.region001	0.360253011983163
174	174	1	60	GD_ZH_bin_214/GD_ZH_contig_14663506.region002	0.0
47	47	1	170	HN_SY_bin_156/HN_SY_contig_6190292.region001	1.49011611938477e-08
7	7	1	174	HN_SY_bin_198/HN_SY_contig_30621989.region001	0.447562663639266
73	73	1	212	JS_YC_bin_125/JS_YC_contig_1194294.region001	0.327072251186446
73	73	1	230	JS_YC_bin_147/JS_YC_contig_14295614.region001	0.357313966205414
73	73	1	308	LN_DD_bin_167/LN_DD_contig_21844107.region001	0.362588004670805
73	73	1	528	ZJ_NB_bin_151/ZJ_NB_contig_17107926.region001	0.428693804164954
90	90	1	579	ZJ_WZ_bin_151/ZJ_WZ_contig_14776244.region001	2.1073424255447e-08
67	67	1	644	ZJ_WZ_bin_68/ZJ_WZ_contig_6835350.region001	0.0
12	12	1	136	GX_BH_bin_17/GX_BH_contig_4654355.region001	0.504213480595269
20	20	1	476	SD_QD_bin_143/SD_QD_contig_16733670.region001	0.0
169	169	1	80	GD_ZH_bin_27/GD_ZH_contig_18021622.region001	2.1073424255447e-08
4	4	1	318	LN_DD_bin_191/LN_DD_contig_11942500.region001	0.21732635158473
4	4	1	622	ZJ_WZ_bin_220/ZJ_WZ_contig_18891158.region001	0.217326351584729
29	29	1	11	FJ_XM_bin_7/FJ_XM_contig_17740019.region001	0.220081409694958
29	29	1	201	JS_LYG_bin_29/JS_LYG_contig_15512364.region001	0.230895087344503
64	64	1	226	JS_YC_bin_145/JS_YC_contig_23240695.region001	0.0
7	7	1	280	JS_YC_bin_64/JS_YC_contig_4649134.region001	0.287496048330929
7	7	1	288	JS_YC_bin_97/JS_YC_contig_8474039.region001	0.41312116046052
7	7	1	162	GX_BH_bin_97/GX_BH_contig_18494257.region001	0.621648983666014
73	73	1	407	SD_DY_bin_353/SD_DY_contig_9762380.region001	0.355937232152923
73	73	1	438	SD_DY_bin_471/SD_DY_contig_2232790.region001	0.324030804627715
31	31	1	488	SD_QD_bin_218/SD_QD_contig_5006522.region001	0.173575649503711
36	36	1	539	ZJ_NB_bin_20/ZJ_NB_contig_10862988.region001	0.0
37	37	1	620	ZJ_WZ_bin_220/ZJ_WZ_contig_11021775.region002	0.186276219783686
11	11	1	89	GD_ZH_bin_35/GD_ZH_contig_107649.region001	0.0
29	29	1	205	JS_LYG_bin_51/JS_LYG_contig_16771406.region001	0.454517432864388
5	5	1	321	LN_DD_bin_194/LN_DD_contig_11293265.region001	0.39706708396438
29	29	1	356	SD_DY_bin_2/SD_DY_contig_23137355.region001	0.223399962605677
60	60	1	483	SD_QD_bin_203/SD_QD_contig_15793187.region001	0.0
39	39	1	546	ZJ_NB_bin_28/ZJ_NB_contig_26402088.region001	0.0
30	30	1	554	ZJ_NB_bin_61/ZJ_NB_contig_12457232.region001	0.0
10	10	1	78	GD_ZH_bin_261/GD_ZH_contig_24368148.region001	0.0
29	29	1	193	HN_SY_bin_90/HN_SY_contig_15494922.region001	0.21430287586534
27	27	1	232	JS_YC_bin_153/JS_YC_contig_8509229.region001	0.0
7	7	1	626	ZJ_WZ_bin_242/ZJ_WZ_contig_3077644.region001	0.261311853655464
48	48	1	593	ZJ_WZ_bin_17/ZJ_WZ_contig_2258288.region001	1.49011611938477e-08
79	79	1	649	ZJ_WZ_bin_80/ZJ_WZ_contig_8310022.region001	0.0
23	23	1	51	GD_ZH_bin_201/GD_ZH_contig_4220545.region001	0.369470050303586
7	7	1	66	GD_ZH_bin_227/GD_ZH_contig_8452008.region001	0.287496048330929
33	33	1	323	LN_DD_bin_194/LN_DD_contig_1830857.region001	0.0
1	1	1	405	SD_DY_bin_344/SD_DY_contig_6805886.region001	0.307464828190206
15	15	1	132	GX_BH_bin_105/GX_BH_contig_18310404.region001	0.0
21	21	1	164	HN_SY_bin_105/HN_SY_contig_29785057.region001	0.205319241635465
18	18	1	498	SD_QD_bin_276/SD_QD_contig_18123446.region002	0.0
21	21	1	650	ZJ_WZ_bin_81/ZJ_WZ_contig_14999868.region001	0.205319241635465
28	28	1	245	JS_YC_bin_191/JS_YC_contig_27526575.region001	0.0
41	41	1	289	JS_YC_bin_99/JS_YC_contig_8132437.region001	0.0
193	193	1	487	SD_QD_bin_210/SD_QD_contig_18601582.region001	1.49011611938477e-08
14	14	1	244	JS_YC_bin_191/JS_YC_contig_14543176.region001	0.350091997425944
45	45	1	243	JS_YC_bin_191/JS_YC_contig_11062336.region001	1.49011611938477e-08
14	14	1	567	ZJ_NB_bin_99/ZJ_NB_contig_13550806.region001	0.350091997425945
25	25	1	522	ZJ_NB_bin_143/ZJ_NB_contig_17821485.region001	0.0
118	118	1	194	JS_LYG_bin_116/JS_LYG_contig_7723093.region001	0.0
117	117	1	455	SD_DY_bin_520/SD_DY_contig_8371887.region001	0.0
145	145	1	563	ZJ_NB_bin_8/ZJ_NB_contig_13769179.region001	0.0
56	56	1	485	SD_QD_bin_209/SD_QD_contig_4890714.region001	1.49011611938477e-08
188	188	1	444	SD_DY_bin_508/SD_DY_contig_8151327.region001	0.0
8	8	1	549	ZJ_NB_bin_49/ZJ_NB_contig_14911987.region001	0.0
125	125	1	265	JS_YC_bin_41/JS_YC_contig_26309391.region001	1.49011611938477e-08
332	332	1	573	ZJ_WZ_bin_108/ZJ_WZ_contig_4168506.region001	0.0
122	122	1	317	LN_DD_bin_190/LN_DD_contig_21872672.region001	0.0
112	112	1	23	GD_ST_bin_3/GD_ST_contig_6032448.region001	0.0
325	325	1	474	SD_QD_bin_140/SD_QD_contig_118407.region001	0.0
224	224	1	587	ZJ_WZ_bin_165/ZJ_WZ_contig_23658316.region001	0.291296408402385
152	152	1	501	SD_QD_bin_32/SD_QD_contig_1140820.region001	2.1073424255447e-08
161	161	1	187	HN_SY_bin_58/HN_SY_contig_34022348.region001	0.0
135	135	1	134	GX_BH_bin_134/GX_BH_contig_2003671.region001	0.0
200	200	1	154	GX_BH_bin_59/GX_BH_contig_30578862.region001	1.49011611938477e-08
126	126	1	559	ZJ_NB_bin_62/ZJ_NB_contig_3746119.region001	0.0
210	210	1	389	SD_DY_bin_321/SD_DY_contig_24158636.region001	0.0
124	124	1	653	ZJ_WZ_bin_92/ZJ_WZ_contig_1042638.region001	0.0
224	224	1	47	GD_ZH_bin_20/GD_ZH_contig_17932586.region001	0.291296408402385
109	109	1	262	JS_YC_bin_35/JS_YC_contig_6238280.region001	0.0
287	287	1	171	HN_SY_bin_157/HN_SY_contig_15857317.region001	1.49011611938477e-08
80	80	1	101	GD_ZH_bin_62/GD_ZH_contig_6558738.region001	0.0
268	268	1	628	ZJ_WZ_bin_26/ZJ_WZ_contig_17494129.region001	2.1073424255447e-08
164	164	1	314	LN_DD_bin_187/LN_DD_contig_16136461.region001	2.1073424255447e-08
146	146	1	429	SD_DY_bin_45/SD_DY_contig_2945408.region001	0.0
70	70	1	246	JS_YC_bin_191/JS_YC_contig_3083345.region001	0.0
88	88	1	143	GX_BH_bin_33/GX_BH_contig_33316885.region002	0.0
337	337	1	363	SD_DY_bin_241/SD_DY_contig_136613.region001	0.0
114	114	1	388	SD_DY_bin_318/SD_DY_contig_17750195.region001	0.344317366356036
86	86	1	441	SD_DY_bin_48/SD_DY_contig_18442958.region001	0.0
155	155	1	332	LN_DD_bin_61/LN_DD_contig_20663041.region002	0.0
114	114	1	366	SD_DY_bin_255/SD_DY_contig_1601259.region001	0.344317366356036
89	89	1	108	GD_ZH_bin_81/GD_ZH_contig_18011661.region001	0.0
72	72	1	105	GD_ZH_bin_81/GD_ZH_contig_10997029.region001	0.0
178	178	1	647	ZJ_WZ_bin_80/ZJ_WZ_contig_15215092.region001	0.0
119	119	1	260	JS_YC_bin_35/JS_YC_contig_21968682.region001	0.270801280154532
309	309	1	344	SD_DY_bin_119/SD_DY_contig_24905932.region001	0.0
229	229	1	586	ZJ_WZ_bin_161/ZJ_WZ_contig_3252087.region001	1.49011611938477e-08
119	119	1	283	JS_YC_bin_72/JS_YC_contig_7916021.region001	0.270801280154532
196	196	1	350	SD_DY_bin_149/SD_DY_contig_18297150.region001	0.0
132	132	1	403	SD_DY_bin_344/SD_DY_contig_15382486.region001	0.0
202	202	1	179	HN_SY_bin_30/HN_SY_contig_28694619.region001	0.0
103	103	1	200	JS_LYG_bin_25/JS_LYG_contig_5413384.region001	0.360131801330996
150	150	1	284	JS_YC_bin_72/JS_YC_contig_9844050.region001	0.0
293	293	1	327	LN_DD_bin_29/LN_DD_contig_21871493.region001	0.0
238	238	1	494	SD_QD_bin_236/SD_QD_contig_8242568.region001	0.0
151	151	1	292	LN_DD_bin_10/LN_DD_contig_10495670.region001	0.0
103	103	1	480	SD_QD_bin_155/SD_QD_contig_24592380.region001	0.360131801330997
22	22	1	381	SD_DY_bin_304/SD_DY_contig_22986715.region001	2.1073424255447e-08
223	223	1	25	GD_ST_bin_5/GD_ST_contig_22097523.region001	0.0
74	74	1	120	GX_BH_bin_10/GX_BH_contig_13436386.region001	0.0
195	195	1	512	ZJ_NB_bin_121/ZJ_NB_contig_878734.region001	1.49011611938477e-08
87	87	1	578	ZJ_WZ_bin_151/ZJ_WZ_contig_12702479.region001	0.0
115	115	1	393	SD_DY_bin_323/SD_DY_contig_16568199.region001	2.1073424255447e-08
299	299	1	168	HN_SY_bin_140/HN_SY_contig_9012423.region001	1.49011611938477e-08
76	76	1	270	JS_YC_bin_42/JS_YC_contig_19917638.region001	0.384649106780975
76	76	1	5	FJ_XM_bin_120/FJ_XM_contig_32342001.region001	0.384649106780976
221	221	1	440	SD_DY_bin_478/SD_DY_contig_12608734.region001	0.0
113	113	1	503	SD_QD_bin_44/SD_QD_contig_19928046.region001	0.0
110	110	1	52	GD_ZH_bin_202/GD_ZH_contig_9330416.region001	0.392449633714543
263	263	1	203	JS_LYG_bin_44/JS_LYG_contig_12331029.region001	0.0
110	110	1	525	ZJ_NB_bin_144/ZJ_NB_contig_21516717.region001	0.392449633714544
157	157	1	576	ZJ_WZ_bin_128/ZJ_WZ_contig_4787009.region001	0.330928528335158
355	355	1	425	SD_DY_bin_428/SD_DY_contig_15429925.region001	0.0
334	334	1	159	GX_BH_bin_94/GX_BH_contig_22412940.region001	0.0
301	301	1	315	LN_DD_bin_19/LN_DD_contig_20871048.region001	2.58095682795178e-08
301	301	1	176	HN_SY_bin_24/HN_SY_contig_21286057.region001	0.386569476986637
433	433	1	172	HN_SY_bin_164/HN_SY_contig_1967976.region001	0.0
339	339	1	464	SD_DY_bin_82/SD_DY_contig_8928799.region001	0.0
353	353	1	491	SD_QD_bin_224/SD_QD_contig_30170427.region001	0.235590639120697
353	353	1	471	SD_QD_bin_137/SD_QD_contig_26898904.region001	0.235590639120697
329	329	1	428	SD_DY_bin_449/SD_DY_contig_88252.region001	0.0
314	314	1	48	GD_ZH_bin_20/GD_ZH_contig_20469917.region001	1.49011611938477e-08
189	189	1	395	SD_DY_bin_329/SD_DY_contig_10578473.region001	0.297121519865515
189	189	1	343	SD_DY_bin_118/SD_DY_contig_25877942.region001	0.489408674561737
189	189	1	566	ZJ_NB_bin_83/ZJ_NB_contig_12971323.region001	0.449062297892766
189	189	1	460	SD_DY_bin_69/SD_DY_contig_7053520.region001	0.351792977323272
336	336	1	337	SD_DY_bin_1/SD_DY_contig_4124005.region001	0.0
189	189	1	109	GD_ZH_bin_81/GD_ZH_contig_23225507.region001	0.443301281156007
189	189	1	100	GD_ZH_bin_62/GD_ZH_contig_22835732.region001	0.316155225666376
142	142	1	406	SD_DY_bin_347/SD_DY_contig_24155755.region001	0.0
376	376	1	642	ZJ_WZ_bin_66/ZJ_WZ_contig_24981772.region001	0.0
158	158	1	291	LN_DD_bin_1/LN_DD_contig_5281645.region001	2.1073424255447e-08
93	93	1	500	SD_QD_bin_29/SD_QD_contig_27772578.region001	0.20963839324228
315	315	1	312	LN_DD_bin_170/LN_DD_contig_25544868.region001	0.0
189	189	1	126	GX_BH_bin_101/GX_BH_contig_17570548.region001	0.462543283055687
308	308	1	175	HN_SY_bin_220/HN_SY_contig_6240856.region001	0.189338471008335
308	308	1	182	HN_SY_bin_44/HN_SY_contig_28974166.region001	0.189338471008335
189	189	1	185	HN_SY_bin_50/HN_SY_contig_32799665.region001	0.318232725583766
360	360	1	331	LN_DD_bin_61/LN_DD_contig_20663041.region001	0.0
93	93	1	298	LN_DD_bin_122/LN_DD_contig_19921525.region001	0.20963839324228
343	343	1	618	ZJ_WZ_bin_216/ZJ_WZ_contig_9675887.region001	2.1073424255447e-08
176	176	1	94	GD_ZH_bin_38/GD_ZH_contig_6197109.region001	0.0
157	157	1	496	SD_QD_bin_271/SD_QD_contig_12902762.region001	0.330928528335158
207	207	1	14	FJ_XM_bin_95/FJ_XM_contig_7439548.region001	0.0
333	333	1	10	FJ_XM_bin_40/FJ_XM_contig_6476499.region001	0.0
143	143	1	325	LN_DD_bin_196/LN_DD_contig_19903652.region001	0.0
77	77	1	54	GD_ZH_bin_203/GD_ZH_contig_4655867.region001	0.0
470	470	1	362	SD_DY_bin_240/SD_DY_contig_6426584.region001	2.1073424255447e-08
105	105	1	127	GX_BH_bin_101/GX_BH_contig_18343453.region001	2.1073424255447e-08
252	252	1	287	JS_YC_bin_93/JS_YC_contig_20799038.region001	1.49011611938477e-08
235	235	1	577	ZJ_WZ_bin_129/ZJ_WZ_contig_11284195.region001	1.49011611938477e-08
218	218	1	19	GD_ST_bin_22/GD_ST_contig_21185174.region001	0.384981447732625
83	83	1	53	GD_ZH_bin_203/GD_ZH_contig_3646268.region001	0.328984456938357
338	338	1	87	GD_ZH_bin_30/GD_ZH_contig_22468248.region001	2.58095682795178e-08
410	410	1	204	JS_LYG_bin_44/JS_LYG_contig_20606165.region001	0.0
94	94	1	431	SD_DY_bin_460/SD_DY_contig_1580874.region001	0.0
184	184	1	484	SD_QD_bin_203/SD_QD_contig_25723195.region001	0.247986544399507
379	379	1	583	ZJ_WZ_bin_154/ZJ_WZ_contig_21213051.region001	0.0
218	218	1	610	ZJ_WZ_bin_2/ZJ_WZ_contig_1375483.region001	0.384981447732625
254	254	1	169	HN_SY_bin_15/HN_SY_contig_356105.region001	1.49011611938477e-08
385	385	1	216	JS_YC_bin_130/JS_YC_contig_16058719.region001	0.0
85	85	1	18	GD_ST_bin_148/GD_ST_contig_18775541.region001	0.0
199	199	1	28	GD_ZH_bin_111/GD_ZH_contig_25558588.region001	1.49011611938477e-08
84	84	1	84	GD_ZH_bin_3/GD_ZH_contig_13764930.region001	1.49011611938477e-08
298	298	1	124	GX_BH_bin_100/GX_BH_contig_3693063.region001	0.0
222	222	1	346	SD_DY_bin_139/SD_DY_contig_14165360.region001	2.1073424255447e-08
83	83	1	442	SD_DY_bin_5/SD_DY_contig_21655770.region001	0.328984456938357
288	288	1	590	ZJ_WZ_bin_166/ZJ_WZ_contig_26310595.region001	1.49011611938477e-08
116	116	1	192	HN_SY_bin_89/HN_SY_contig_30633376.region001	0.0
120	120	1	257	JS_YC_bin_214/JS_YC_contig_22318882.region001	0.0
63	63	1	606	ZJ_WZ_bin_196/ZJ_WZ_contig_4461778.region002	0.0
258	258	1	656	ZJ_WZ_bin_99/ZJ_WZ_contig_5071952.region001	0.0
78	78	1	278	JS_YC_bin_57/JS_YC_contig_9768395.region001	0.0
187	187	1	306	LN_DD_bin_142/LN_DD_contig_1553090.region001	0.0
107	107	1	437	SD_DY_bin_466/SD_DY_contig_27977251.region001	0.0
408	408	1	508	ZJ_NB_bin_105/ZJ_NB_contig_12427237.region001	0.0
186	186	1	591	ZJ_WZ_bin_166/ZJ_WZ_contig_5432259.region001	2.1073424255447e-08
101	101	1	275	JS_YC_bin_56/JS_YC_contig_27076495.region001	0.0
102	102	1	648	ZJ_WZ_bin_80/ZJ_WZ_contig_5245751.region001	2.1073424255447e-08
230	230	1	206	JS_LYG_bin_52/JS_LYG_contig_5507689.region001	0.0
58	58	1	38	GD_ZH_bin_147/GD_ZH_contig_15448967.region001	1.49011611938477e-08
237	237	1	448	SD_DY_bin_513/SD_DY_contig_25612939.region001	0.0
173	173	1	1	FJ_XM_bin_114/FJ_XM_contig_10132429.region001	0.0
250	250	1	97	GD_ZH_bin_51/GD_ZH_contig_17764897.region001	1.49011611938477e-08
92	92	1	151	GX_BH_bin_5/GX_BH_contig_16036022.region001	0.300592722489323
242	242	1	467	SD_QD_bin_119/SD_QD_contig_2436771.region001	0.0
181	181	1	547	ZJ_NB_bin_29/ZJ_NB_contig_10063526.region001	0.0
206	206	1	42	GD_ZH_bin_152/GD_ZH_contig_15682576.region001	1.49011611938477e-08
228	228	1	263	JS_YC_bin_41/JS_YC_contig_2007391.region001	0.0
225	225	1	299	LN_DD_bin_123/LN_DD_contig_4241638.region001	0.0
92	92	1	103	GD_ZH_bin_69/GD_ZH_contig_5082637.region001	0.300592722489322
167	167	1	482	SD_QD_bin_203/SD_QD_contig_15784645.region001	0.239982414183162
167	167	1	555	ZJ_NB_bin_61/ZJ_NB_contig_13649733.region001	0.239982414183162
141	141	1	416	SD_DY_bin_392/SD_DY_contig_24002907.region001	0.0
13	13	1	178	HN_SY_bin_26/HN_SY_contig_29673680.region001	0.39623582588527
71	71	1	209	JS_YC_bin_101/JS_YC_contig_5390013.region001	0.0
52	52	1	32	GD_ZH_bin_118/GD_ZH_contig_20709471.region001	2.1073424255447e-08
16	16	1	277	JS_YC_bin_56/JS_YC_contig_803029.region001	1.49011611938477e-08
168	168	1	421	SD_DY_bin_42/SD_DY_contig_141141.region001	0.0
271	271	1	113	GD_ZH_bin_89/GD_ZH_contig_11962797.region001	0.0
267	267	1	581	ZJ_WZ_bin_154/ZJ_WZ_contig_15002768.region001	1.49011611938477e-08
163	163	1	116	GD_ZH_bin_9/GD_ZH_contig_6097759.region001	1.49011611938477e-08
46	46	1	411	SD_DY_bin_388/SD_DY_contig_9013973.region001	1.49011611938477e-08
38	38	1	190	HN_SY_bin_70/HN_SY_contig_11483605.region001	0.0
13	13	1	180	HN_SY_bin_30/HN_SY_contig_30840075.region001	0.396235825885271
251	251	1	300	LN_DD_bin_127/LN_DD_contig_13226306.region001	0.0
149	149	1	370	SD_DY_bin_273/SD_DY_contig_24064551.region001	0.0
184	184	1	557	ZJ_NB_bin_61/ZJ_NB_contig_27948996.region001	0.247986544399507
405	405	1	532	ZJ_NB_bin_172/ZJ_NB_contig_23209905.region001	1.49011611938477e-08
32	32	1	67	GD_ZH_bin_228/GD_ZH_contig_6393496.region001	0.0
291	291	1	450	SD_DY_bin_514/SD_DY_contig_18530652.region001	0.0
467	467	1	408	SD_DY_bin_365/SD_DY_contig_25391349.region001	0.0
289	289	1	213	JS_YC_bin_126/JS_YC_contig_14481514.region001	0.0
472	472	1	279	JS_YC_bin_60/JS_YC_contig_10724583.region001	0.0
177	177	1	15	GD_ST_bin_100/GD_ST_contig_16683047.region001	0.262814777382851
177	177	1	6	FJ_XM_bin_121/FJ_XM_contig_27801339.region001	0.262814777382851
302	302	1	354	SD_DY_bin_194/SD_DY_contig_15443866.region001	0.0
130	130	1	22	GD_ST_bin_3/GD_ST_contig_21330448.region001	0.0
134	134	1	602	ZJ_WZ_bin_196/ZJ_WZ_contig_16088462.region001	0.0
127	127	1	248	JS_YC_bin_193/JS_YC_contig_9600639.region001	0.0
35	35	1	65	GD_ZH_bin_226/GD_ZH_contig_7586902.region001	0.0
239	239	1	56	GD_ZH_bin_209/GD_ZH_contig_15688152.region001	0.0
59	59	1	72	GD_ZH_bin_239/GD_ZH_contig_4614422.region001	0.0
91	91	1	339	SD_DY_bin_116/SD_DY_contig_13983864.region001	0.0
49	49	1	189	HN_SY_bin_65/HN_SY_contig_9553502.region001	1.49011611938477e-08
170	170	1	242	JS_YC_bin_180/JS_YC_contig_19437490.region001	0.0
384	384	1	505	SD_QD_bin_44/SD_QD_contig_6912869.region001	0.371311374951349
384	384	1	152	GX_BH_bin_5/GX_BH_contig_16858399.region001	0.371311374951348
255	255	1	43	GD_ZH_bin_155/GD_ZH_contig_20748211.region001	0.0
180	180	1	46	GD_ZH_bin_166/GD_ZH_contig_22690117.region001	0.0
284	284	1	286	JS_YC_bin_8/JS_YC_contig_21011630.region002	1.49011611938477e-08
382	382	1	347	SD_DY_bin_142/SD_DY_contig_15864561.region001	0.0
354	354	1	468	SD_QD_bin_125/SD_QD_contig_10380044.region001	0.0
262	262	1	534	ZJ_NB_bin_175/ZJ_NB_contig_5940340.region001	0.0
316	316	1	195	JS_LYG_bin_135/JS_LYG_contig_2628360.region001	0.0
264	264	1	493	SD_QD_bin_233/SD_QD_contig_1714841.region001	2.1073424255447e-08
131	131	1	70	GD_ZH_bin_237/GD_ZH_contig_15177757.region001	0.0
69	69	1	250	JS_YC_bin_196/JS_YC_contig_7757555.region001	0.0
190	190	1	588	ZJ_WZ_bin_165/ZJ_WZ_contig_5699920.region002	0.0
292	292	1	85	GD_ZH_bin_3/GD_ZH_contig_23696060.region001	0.0
211	211	1	210	JS_YC_bin_113/JS_YC_contig_7379985.region001	0.0
249	249	1	62	GD_ZH_bin_221/GD_ZH_contig_23039459.region001	0.0
159	159	1	616	ZJ_WZ_bin_216/ZJ_WZ_contig_22617918.region001	0.0
274	274	1	41	GD_ZH_bin_152/GD_ZH_contig_15232623.region001	0.0
294	294	1	75	GD_ZH_bin_254/GD_ZH_contig_18629089.region001	0.0
166	166	1	95	GD_ZH_bin_38/GD_ZH_contig_690738.region001	0.0
140	140	1	564	ZJ_NB_bin_8/ZJ_NB_contig_2251211.region001	0.0
57	57	1	552	ZJ_NB_bin_6/ZJ_NB_contig_12399028.region001	0.0
198	198	1	92	GD_ZH_bin_37/GD_ZH_contig_23710922.region001	0.0
40	40	1	551	ZJ_NB_bin_49/ZJ_NB_contig_9095850.region001	0.0
212	212	1	236	JS_YC_bin_171/JS_YC_contig_62914.region002	0.0
363	363	1	294	LN_DD_bin_103/LN_DD_contig_24390107.region001	0.39793431203014
394	394	1	44	GD_ZH_bin_155/GD_ZH_contig_3798809.region001	0.0
386	386	1	415	SD_DY_bin_39/SD_DY_contig_6127333.region001	0.0
390	390	1	69	GD_ZH_bin_232/GD_ZH_contig_9427432.region001	0.0
232	232	1	241	JS_YC_bin_18/JS_YC_contig_4370753.region001	1.49011611938477e-08
356	356	1	433	SD_DY_bin_460/SD_DY_contig_21769247.region002	0.0
217	217	1	603	ZJ_WZ_bin_196/ZJ_WZ_contig_16114896.region001	0.266894404572687
429	429	1	31	GD_ZH_bin_118/GD_ZH_contig_13860703.region001	1.49011611938477e-08
226	226	1	517	ZJ_NB_bin_129/ZJ_NB_contig_15508825.region001	0.0
217	217	1	633	ZJ_WZ_bin_6/ZJ_WZ_contig_25960263.region001	0.266894404572687
364	364	1	538	ZJ_NB_bin_2/ZJ_NB_contig_23972005.region001	2.1073424255447e-08
227	227	1	657	ZJ_WZ_bin_99/ZJ_WZ_contig_5523397.region001	0.0
310	310	1	146	GX_BH_bin_42/GX_BH_contig_2078608.region001	0.0
324	324	1	219	JS_YC_bin_130/JS_YC_contig_27825850.region001	0.0
538	538	1	235	JS_YC_bin_171/JS_YC_contig_62914.region001	0.0
192	192	1	37	GD_ZH_bin_143/GD_ZH_contig_5560556.region001	0.0
138	138	1	218	JS_YC_bin_130/JS_YC_contig_18384098.region001	0.0
216	216	1	439	SD_DY_bin_476/SD_DY_contig_6242392.region001	0.0
197	197	1	368	SD_DY_bin_262/SD_DY_contig_8312628.region001	1.49011611938477e-08
358	358	1	119	GD_ZH_bin_95/GD_ZH_contig_271760.region001	0.0
162	162	1	463	SD_DY_bin_79/SD_DY_contig_743692.region001	0.0
179	179	1	542	ZJ_NB_bin_20/ZJ_NB_contig_7145030.region001	0.0
257	257	1	160	GX_BH_bin_94/GX_BH_contig_29658063.region001	0.464099823015731
366	366	1	73	GD_ZH_bin_243/GD_ZH_contig_12515053.region001	0.238918088583136
279	279	1	191	HN_SY_bin_88/HN_SY_contig_13282090.region001	1.49011611938477e-08
366	366	1	459	SD_DY_bin_69/SD_DY_contig_19756711.region001	0.238918088583136
62	62	1	513	ZJ_NB_bin_125/ZJ_NB_contig_228189.region001	2.1073424255447e-08
3	3	1	518	ZJ_NB_bin_135/ZJ_NB_contig_10371558.region001	0.0
99	99	1	239	JS_YC_bin_174/JS_YC_contig_15133020.region001	1.49011611938477e-08
422	422	1	355	SD_DY_bin_194/SD_DY_contig_2257385.region002	0.0
257	257	1	155	GX_BH_bin_66/GX_BH_contig_16427542.region001	0.305076588918175
257	257	1	161	GX_BH_bin_95/GX_BH_contig_12055568.region001	0.317943523726137
482	482	1	477	SD_QD_bin_15/SD_QD_contig_10339056.region001	0.180938218720113
482	482	1	612	ZJ_WZ_bin_204/ZJ_WZ_contig_23867843.region001	0.180938218720113
129	129	1	523	ZJ_NB_bin_143/ZJ_NB_contig_22334498.region001	0.0
136	136	1	135	GX_BH_bin_14/GX_BH_contig_16477031.region001	0.0
261	261	1	177	HN_SY_bin_24/HN_SY_contig_32261994.region001	0.31276594915435
165	165	1	570	ZJ_WZ_bin_102/ZJ_WZ_contig_15853509.region001	0.0
261	261	1	186	HN_SY_bin_58/HN_SY_contig_10671765.region001	0.31276594915435
54	54	1	497	SD_QD_bin_276/SD_QD_contig_18123446.region001	2.1073424255447e-08
55	55	1	655	ZJ_WZ_bin_99/ZJ_WZ_contig_25934647.region001	0.398127439040773
241	241	1	34	GD_ZH_bin_12/GD_ZH_contig_7615084.region001	0.0
387	387	1	481	SD_QD_bin_183/SD_QD_contig_17383934.region001	0.0
331	331	1	149	GX_BH_bin_5/GX_BH_contig_10108032.region001	0.0
280	280	1	572	ZJ_WZ_bin_108/ZJ_WZ_contig_3189721.region001	1.49011611938477e-08
111	111	1	599	ZJ_WZ_bin_191/ZJ_WZ_contig_10043740.region001	1.49011611938477e-08
458	458	1	390	SD_DY_bin_322/SD_DY_contig_17932626.region001	1.49011611938477e-08
306	306	1	197	JS_LYG_bin_19/JS_LYG_contig_16798679.region001	1.49011611938477e-08
50	50	1	385	SD_DY_bin_309/SD_DY_contig_2415399.region001	0.0
272	272	1	123	GX_BH_bin_100/GX_BH_contig_12786317.region001	0.0
303	303	1	338	SD_DY_bin_105/SD_DY_contig_11036278.region001	0.0
317	317	1	456	SD_DY_bin_53/SD_DY_contig_20700754.region001	0.0
406	406	1	79	GD_ZH_bin_266/GD_ZH_contig_11920709.region001	0.0
277	277	1	91	GD_ZH_bin_36/GD_ZH_contig_20049290.region001	0.0
133	133	1	378	SD_DY_bin_292/SD_DY_contig_12659141.region001	0.0
201	201	1	217	JS_YC_bin_130/JS_YC_contig_16058719.region002	0.0
296	296	1	77	GD_ZH_bin_261/GD_ZH_contig_24067008.region001	0.0
208	208	1	426	SD_DY_bin_435/SD_DY_contig_14037627.region001	0.302362834370416
208	208	1	526	ZJ_NB_bin_145/ZJ_NB_contig_2503381.region001	0.302362834370415
374	374	1	561	ZJ_NB_bin_63/ZJ_NB_contig_13344857.region001	0.0
259	259	1	61	GD_ZH_bin_214/GD_ZH_contig_25819278.region001	0.381933141802743
265	265	1	88	GD_ZH_bin_30/GD_ZH_contig_9171408.region001	0.0
403	403	1	322	LN_DD_bin_194/LN_DD_contig_18266370.region001	0.0
278	278	1	461	SD_DY_bin_70/SD_DY_contig_13178059.region001	1.49011611938477e-08
259	259	1	106	GD_ZH_bin_81/GD_ZH_contig_11168689.region001	0.381933141802743
300	300	1	383	SD_DY_bin_308/SD_DY_contig_11076962.region001	0.363178041751352
300	300	1	399	SD_DY_bin_332/SD_DY_contig_27978922.region001	0.363178041751352
372	372	1	33	GD_ZH_bin_118/GD_ZH_contig_8508877.region001	0.0
432	432	1	125	GX_BH_bin_101/GX_BH_contig_12341959.region001	1.49011611938477e-08
154	154	1	285	JS_YC_bin_8/JS_YC_contig_21011630.region001	0.0
283	283	1	271	JS_YC_bin_43/JS_YC_contig_916902.region001	2.1073424255447e-08
269	269	1	510	ZJ_NB_bin_109/ZJ_NB_contig_25857530.region001	1.49011611938477e-08
322	322	1	304	LN_DD_bin_141/LN_DD_contig_15142576.region001	0.0
397	397	1	367	SD_DY_bin_255/SD_DY_contig_27717175.region001	0.0
427	427	1	150	GX_BH_bin_5/GX_BH_contig_15115072.region001	1.49011611938477e-08
273	273	1	348	SD_DY_bin_142/SD_DY_contig_9206545.region001	0.0
328	328	1	427	SD_DY_bin_435/SD_DY_contig_6714579.region001	0.0
256	256	1	499	SD_QD_bin_276/SD_QD_contig_5490440.region001	0.0
220	220	1	12	FJ_XM_bin_7/FJ_XM_contig_8771700.region001	0.0
172	172	1	594	ZJ_WZ_bin_17/ZJ_WZ_contig_26813723.region001	2.1073424255447e-08
219	219	1	74	GD_ZH_bin_243/GD_ZH_contig_21165519.region001	0.0
311	311	1	447	SD_DY_bin_513/SD_DY_contig_22131439.region001	2.58095682795178e-08
485	485	1	478	SD_QD_bin_15/SD_QD_contig_10339056.region002	2.1073424255447e-08
363	363	1	458	SD_DY_bin_58/SD_DY_contig_8140778.region001	0.39793431203014
319	319	1	221	JS_YC_bin_136/JS_YC_contig_16477379.region001	2.1073424255447e-08
459	459	1	358	SD_DY_bin_203/SD_DY_contig_922270.region001	0.0
312	312	1	435	SD_DY_bin_460/SD_DY_contig_25818256.region001	0.0
65	65	1	520	ZJ_NB_bin_135/ZJ_NB_contig_4036110.region001	0.0
444	444	1	635	ZJ_WZ_bin_60/ZJ_WZ_contig_18452205.region002	0.0
352	352	1	541	ZJ_NB_bin_20/ZJ_NB_contig_6893327.region001	0.0
240	240	1	71	GD_ZH_bin_237/GD_ZH_contig_7592191.region001	1.49011611938477e-08
409	409	1	402	SD_DY_bin_344/SD_DY_contig_12023912.region001	0.0
244	244	1	129	GX_BH_bin_103/GX_BH_contig_2507503.region002	0.362975877599346
381	381	1	342	SD_DY_bin_118/SD_DY_contig_22824326.region001	1.49011611938477e-08
106	106	1	303	LN_DD_bin_141/LN_DD_contig_11057742.region001	2.98023223876953e-08
327	327	1	158	GX_BH_bin_94/GX_BH_contig_10690181.region001	0.0
474	474	1	181	HN_SY_bin_42/HN_SY_contig_12459224.region001	2.1073424255447e-08
430	430	1	227	JS_YC_bin_145/JS_YC_contig_5422315.region001	1.49011611938477e-08
214	214	1	565	ZJ_NB_bin_8/ZJ_NB_contig_5406829.region001	0.0
330	330	1	446	SD_DY_bin_508/SD_DY_contig_8845631.region001	0.0
244	244	1	652	ZJ_WZ_bin_91/ZJ_WZ_contig_7574250.region001	0.362975877599347
431	431	1	623	ZJ_WZ_bin_220/ZJ_WZ_contig_19620708.region001	0.0
349	349	1	268	JS_YC_bin_41/JS_YC_contig_7628828.region001	1.49011611938477e-08
160	160	1	521	ZJ_NB_bin_135/ZJ_NB_contig_5290923.region001	0.0
326	326	1	324	LN_DD_bin_194/LN_DD_contig_22164709.region001	0.0
368	368	1	524	ZJ_NB_bin_144/ZJ_NB_contig_13726994.region001	0.0
121	121	1	562	ZJ_NB_bin_78/ZJ_NB_contig_18018078.region001	0.0
108	108	1	140	GX_BH_bin_33/GX_BH_contig_20167490.region002	0.0
424	424	1	507	ZJ_NB_bin_104/ZJ_NB_contig_10317887.region001	2.1073424255447e-08
183	183	1	574	ZJ_WZ_bin_12/ZJ_WZ_contig_25764355.region001	0.0
282	282	1	615	ZJ_WZ_bin_216/ZJ_WZ_contig_1340147.region001	0.0
194	194	1	360	SD_DY_bin_206/SD_DY_contig_21758158.region001	0.0
81	81	1	556	ZJ_NB_bin_61/ZJ_NB_contig_17883562.region001	0.383693550233423
377	377	1	13	FJ_XM_bin_71/FJ_XM_contig_25903625.region001	0.0
147	147	1	68	GD_ZH_bin_232/GD_ZH_contig_11187011.region001	0.0
191	191	1	365	SD_DY_bin_254/SD_DY_contig_13237343.region001	0.0
392	392	1	376	SD_DY_bin_287/SD_DY_contig_29127221.region001	0.0
55	55	1	114	GD_ZH_bin_9/GD_ZH_contig_11051248.region001	0.398127439040773
81	81	1	601	ZJ_WZ_bin_196/ZJ_WZ_contig_12097044.region001	0.383693550233423
245	245	1	183	HN_SY_bin_50/HN_SY_contig_11734991.region002	0.0
407	407	1	107	GD_ZH_bin_81/GD_ZH_contig_17844912.region001	0.0
260	260	1	83	GD_ZH_bin_28/GD_ZH_contig_18671642.region001	0.0
486	486	1	4	FJ_XM_bin_120/FJ_XM_contig_2813959.region001	2.1073424255447e-08
371	371	1	530	ZJ_NB_bin_16/ZJ_NB_contig_3812857.region001	0.0
491	491	1	133	GX_BH_bin_12/GX_BH_contig_33343095.region001	0.0
104	104	1	605	ZJ_WZ_bin_196/ZJ_WZ_contig_4461778.region001	0.0
443	443	1	472	SD_QD_bin_139/SD_QD_contig_13582417.region001	0.0
247	247	1	432	SD_DY_bin_460/SD_DY_contig_18055696.region001	0.0
346	346	1	651	ZJ_WZ_bin_89/ZJ_WZ_contig_14405051.region001	0.0
233	233	1	359	SD_DY_bin_206/SD_DY_contig_18885823.region001	1.49011611938477e-08
457	457	1	640	ZJ_WZ_bin_66/ZJ_WZ_contig_1964742.region001	0.0
236	236	1	608	ZJ_WZ_bin_197/ZJ_WZ_contig_3869886.region001	0.0
357	357	1	57	GD_ZH_bin_210/GD_ZH_contig_21728907.region001	0.0
460	460	1	93	GD_ZH_bin_38/GD_ZH_contig_11519269.region001	0.0
266	266	1	110	GD_ZH_bin_81/GD_ZH_contig_25188772.region001	0.0
476	476	1	282	JS_YC_bin_72/JS_YC_contig_20584320.region001	0.0
483	483	1	490	SD_QD_bin_224/SD_QD_contig_12638362.region002	0.0
185	185	1	604	ZJ_WZ_bin_196/ZJ_WZ_contig_24262117.region001	0.385337740192595
185	185	1	375	SD_DY_bin_287/SD_DY_contig_27851636.region001	0.385337740192596
375	375	1	259	JS_YC_bin_29/JS_YC_contig_10516787.region001	0.0
425	425	1	157	GX_BH_bin_80/GX_BH_contig_3800177.region001	0.348477116036947
423	423	1	473	SD_QD_bin_139/SD_QD_contig_26962256.region001	0.229217726380831
423	423	1	349	SD_DY_bin_143/SD_DY_contig_27995665.region001	0.22921772638083
425	425	1	514	ZJ_NB_bin_125/ZJ_NB_contig_4165638.region001	0.348477116036947
480	480	1	392	SD_DY_bin_322/SD_DY_contig_8739154.region001	2.1073424255447e-08
367	367	1	9	FJ_XM_bin_40/FJ_XM_contig_20067532.region001	0.0
297	297	1	492	SD_QD_bin_226/SD_QD_contig_26051585.region001	2.1073424255447e-08
365	365	1	470	SD_QD_bin_13/SD_QD_contig_28664982.region001	1.49011611938477e-08
503	503	1	645	ZJ_WZ_bin_72/ZJ_WZ_contig_3206502.region001	0.0
512	512	1	254	JS_YC_bin_21/JS_YC_contig_1576837.region001	0.0
473	473	1	214	JS_YC_bin_126/JS_YC_contig_22083760.region001	0.0
253	253	1	45	GD_ZH_bin_156/GD_ZH_contig_24475604.region001	0.0
453	453	1	334	LN_DD_bin_69/LN_DD_contig_17079702.region001	0.0
139	139	1	142	GX_BH_bin_33/GX_BH_contig_33316885.region001	0.0
290	290	1	167	HN_SY_bin_121/HN_SY_contig_20471158.region001	0.0
171	171	1	238	JS_YC_bin_174/JS_YC_contig_12761478.region001	0.0
380	380	1	222	JS_YC_bin_143/JS_YC_contig_10194482.region001	0.0
75	75	1	258	JS_YC_bin_24/JS_YC_contig_21585476.region001	0.0
128	128	1	273	JS_YC_bin_56/JS_YC_contig_13125580.region001	0.0
389	389	1	584	ZJ_WZ_bin_158/ZJ_WZ_contig_26260491.region001	0.239690463401899
389	389	1	173	HN_SY_bin_177/HN_SY_contig_11273986.region001	0.239690463401899
411	411	1	420	SD_DY_bin_41/SD_DY_contig_21293606.region001	0.0
475	475	1	654	ZJ_WZ_bin_93/ZJ_WZ_contig_9074749.region001	0.0
447	447	1	131	GX_BH_bin_105/GX_BH_contig_16674494.region001	0.0
344	344	1	611	ZJ_WZ_bin_2/ZJ_WZ_contig_26683625.region001	0.0
521	521	1	398	SD_DY_bin_329/SD_DY_contig_655463.region001	0.0
449	449	1	621	ZJ_WZ_bin_220/ZJ_WZ_contig_12303620.region001	0.0
426	426	1	509	ZJ_NB_bin_106/ZJ_NB_contig_5616585.region001	0.0
396	396	1	489	SD_QD_bin_224/SD_QD_contig_12638362.region001	0.0
205	205	1	391	SD_DY_bin_322/SD_DY_contig_22020953.region001	0.0
137	137	1	341	SD_DY_bin_118/SD_DY_contig_16172338.region001	0.0
153	153	1	223	JS_YC_bin_143/JS_YC_contig_16118866.region001	0.0
286	286	1	373	SD_DY_bin_287/SD_DY_contig_18591293.region001	2.58095682795178e-08
437	437	1	297	LN_DD_bin_109/LN_DD_contig_20558711.region001	2.1073424255447e-08
445	445	1	380	SD_DY_bin_300/SD_DY_contig_27608406.region001	0.0
401	401	1	537	ZJ_NB_bin_2/ZJ_NB_contig_16271411.region001	0.0
436	436	1	469	SD_QD_bin_125/SD_QD_contig_27933879.region002	0.0
285	285	1	302	LN_DD_bin_132/LN_DD_contig_5684987.region002	2.1073424255447e-08
313	313	1	24	GD_ST_bin_38/GD_ST_contig_26210141.region001	0.0
323	323	1	228	JS_YC_bin_146/JS_YC_contig_16027063.region001	0.0
307	307	1	247	JS_YC_bin_191/JS_YC_contig_8086252.region001	0.411813626758461
373	373	1	147	GX_BH_bin_42/GX_BH_contig_30114697.region001	0.0
215	215	1	637	ZJ_WZ_bin_60/ZJ_WZ_contig_6199230.region001	0.0
461	461	1	137	GX_BH_bin_27/GX_BH_contig_8722246.region001	0.0
525	525	1	50	GD_ZH_bin_20/GD_ZH_contig_81338.region001	0.0
248	248	1	627	ZJ_WZ_bin_25/ZJ_WZ_contig_1545005.region001	0.0
497	497	1	198	JS_LYG_bin_19/JS_LYG_contig_8569489.region001	0.0
442	442	1	516	ZJ_NB_bin_126/ZJ_NB_contig_26179855.region001	0.0
463	463	1	63	GD_ZH_bin_223/GD_ZH_contig_25377072.region001	2.1073424255447e-08
434	434	1	329	LN_DD_bin_43/LN_DD_contig_15547942.region001	0.331624876799164
412	412	1	466	SD_QD_bin_109/SD_QD_contig_14356132.region001	1.49011611938477e-08
307	307	1	290	JS_YC_bin_99/JS_YC_contig_8293924.region001	0.461803192347542
494	494	1	240	JS_YC_bin_174/JS_YC_contig_620288.region001	1.49011611938477e-08
434	434	1	639	ZJ_WZ_bin_61/ZJ_WZ_contig_22375742.region001	0.416550767619071
439	439	1	529	ZJ_NB_bin_155/ZJ_NB_contig_3828479.region001	0.0
175	175	1	632	ZJ_WZ_bin_53/ZJ_WZ_contig_22870814.region001	2.1073424255447e-08
434	434	1	208	JS_LYG_bin_95/JS_LYG_contig_24084035.region001	0.384137543841122
452	452	1	422	SD_DY_bin_420/SD_DY_contig_21552269.region001	2.1073424255447e-08
97	97	1	387	SD_DY_bin_318/SD_DY_contig_17334431.region001	0.0
441	441	1	320	LN_DD_bin_191/LN_DD_contig_7332852.region001	0.0
350	350	1	419	SD_DY_bin_399/SD_DY_contig_80486.region001	0.0
488	488	1	397	SD_DY_bin_329/SD_DY_contig_5485583.region001	0.0
347	347	1	82	GD_ZH_bin_28/GD_ZH_contig_17588901.region001	0.0
204	204	1	256	JS_YC_bin_211/JS_YC_contig_9188131.region001	0.0
321	321	1	261	JS_YC_bin_35/JS_YC_contig_23261027.region001	1.49011611938477e-08
493	493	1	636	ZJ_WZ_bin_60/ZJ_WZ_contig_2231014.region001	2.1073424255447e-08
505	505	1	544	ZJ_NB_bin_27/ZJ_NB_contig_16564760.region001	1.49011611938477e-08
304	304	1	475	SD_QD_bin_140/SD_QD_contig_11888979.region001	1.49011611938477e-08
307	307	1	568	ZJ_NB_bin_99/ZJ_NB_contig_9590778.region001	0.272852659031233
307	307	1	76	GD_ZH_bin_258/GD_ZH_contig_19077924.region001	0.272852659031233
148	148	1	255	JS_YC_bin_21/JS_YC_contig_1759837.region001	0.0
276	276	1	104	GD_ZH_bin_8/GD_ZH_contig_18666303.region001	1.49011611938477e-08
399	399	1	409	SD_DY_bin_38/SD_DY_contig_20517722.region001	0.0
526	526	1	138	GX_BH_bin_29/GX_BH_contig_9705425.region001	0.0
496	496	1	630	ZJ_WZ_bin_51/ZJ_WZ_contig_4476482.region001	0.0
421	421	1	595	ZJ_WZ_bin_17/ZJ_WZ_contig_5944164.region001	0.0
415	415	1	296	LN_DD_bin_109/LN_DD_contig_12436789.region001	0.0
478	478	1	345	SD_DY_bin_127/SD_DY_contig_7993784.region001	1.49011611938477e-08
524	524	1	386	SD_DY_bin_318/SD_DY_contig_1499571.region001	0.0
510	510	1	449	SD_DY_bin_514/SD_DY_contig_11889987.region001	0.0
469	469	1	382	SD_DY_bin_304/SD_DY_contig_5213305.region001	0.0
455	455	1	118	GD_ZH_bin_93/GD_ZH_contig_8519078.region001	0.0
418	418	1	607	ZJ_WZ_bin_196/ZJ_WZ_contig_6703974.region001	2.1073424255447e-08
335	335	1	609	ZJ_WZ_bin_197/ZJ_WZ_contig_9598932.region001	1.49011611938477e-08
528	528	1	98	GD_ZH_bin_51/GD_ZH_contig_20448458.region001	0.391596463443382
454	454	1	115	GD_ZH_bin_9/GD_ZH_contig_11569046.region001	1.49011611938477e-08
528	528	1	371	SD_DY_bin_273/SD_DY_contig_774650.region001	0.391596463443383
506	506	1	369	SD_DY_bin_267/SD_DY_contig_3817580.region001	0.0
481	481	1	211	JS_YC_bin_119/JS_YC_contig_22671485.region001	0.294066277138936
305	305	1	410	SD_DY_bin_38/SD_DY_contig_22389157.region001	1.49011611938477e-08
481	481	1	535	ZJ_NB_bin_176/ZJ_NB_contig_22466019.region001	0.294066277138935
462	462	1	215	JS_YC_bin_126/JS_YC_contig_23330129.region001	0.0
203	203	1	519	ZJ_NB_bin_135/ZJ_NB_contig_22832207.region001	0.0
508	508	1	379	SD_DY_bin_294/SD_DY_contig_25831887.region001	0.0
490	490	1	457	SD_DY_bin_53/SD_DY_contig_4503502.region001	1.49011611938477e-08
182	182	1	451	SD_DY_bin_514/SD_DY_contig_2357354.region001	1.49011611938477e-08
391	391	1	533	ZJ_NB_bin_175/ZJ_NB_contig_4556953.region001	1.49011611938477e-08
413	413	1	430	SD_DY_bin_46/SD_DY_contig_13224212.region001	1.49011611938477e-08
547	547	1	276	JS_YC_bin_56/JS_YC_contig_4584440.region001	2.1073424255447e-08
417	417	1	188	HN_SY_bin_59/HN_SY_contig_29728826.region001	0.0
484	484	1	401	SD_DY_bin_337/SD_DY_contig_2944661.region001	0.0
502	502	1	267	JS_YC_bin_41/JS_YC_contig_417906.region002	0.0
359	359	1	264	JS_YC_bin_41/JS_YC_contig_22543303.region001	0.0
553	553	1	3	FJ_XM_bin_120/FJ_XM_contig_15138506.region001	0.282309422078529
548	548	1	251	JS_YC_bin_203/JS_YC_contig_10765259.region001	1.49011611938477e-08
559	559	1	274	JS_YC_bin_56/JS_YC_contig_21700320.region001	0.0
370	370	1	352	SD_DY_bin_178/SD_DY_contig_24549765.region001	0.0
553	553	1	504	SD_QD_bin_44/SD_QD_contig_2381810.region001	0.28230942207853
534	534	1	396	SD_DY_bin_329/SD_DY_contig_22674571.region001	1.49011611938477e-08
549	549	1	364	SD_DY_bin_241/SD_DY_contig_4745015.region001	0.0
545	545	1	249	JS_YC_bin_196/JS_YC_contig_6459982.region001	0.0
53	53	1	2	FJ_XM_bin_119/FJ_XM_contig_36007956.region001	1.49011611938477e-08
231	231	1	199	JS_LYG_bin_20/JS_LYG_contig_2528289.region001	0.0
507	507	1	646	ZJ_WZ_bin_80/ZJ_WZ_contig_10970164.region001	0.0
383	383	1	643	ZJ_WZ_bin_66/ZJ_WZ_contig_6169881.region001	1.49011611938477e-08
402	402	1	585	ZJ_WZ_bin_158/ZJ_WZ_contig_8540778.region001	0.0
348	348	1	436	SD_DY_bin_460/SD_DY_contig_5353751.region001	0.0
536	536	1	531	ZJ_NB_bin_167/ZJ_NB_contig_22754226.region001	0.0
281	281	1	540	ZJ_NB_bin_20/ZJ_NB_contig_543294.region001	0.0
420	420	1	414	SD_DY_bin_39/SD_DY_contig_4541248.region001	0.0
499	499	1	234	JS_YC_bin_171/JS_YC_contig_6167522.region001	0.0
464	464	1	412	SD_DY_bin_39/SD_DY_contig_16951154.region001	0.0
498	498	1	589	ZJ_WZ_bin_165/ZJ_WZ_contig_9646821.region001	1.49011611938477e-08
466	466	1	8	FJ_XM_bin_21/FJ_XM_contig_5614860.region001	0.287811869561661
551	551	1	301	LN_DD_bin_132/LN_DD_contig_5684987.region001	1.49011611938477e-08
466	466	1	307	LN_DD_bin_155/LN_DD_contig_14823061.region001	0.287811869561661
465	465	1	229	JS_YC_bin_147/JS_YC_contig_14104893.region001	0.0
438	438	1	506	SD_QD_bin_54/SD_QD_contig_13645228.region001	0.0
416	416	1	629	ZJ_WZ_bin_26/ZJ_WZ_contig_22795467.region001	0.0
428	428	1	121	GX_BH_bin_10/GX_BH_contig_20069125.region001	0.0
530	530	1	580	ZJ_WZ_bin_151/ZJ_WZ_contig_27064443.region001	1.49011611938477e-08
388	388	1	613	ZJ_WZ_bin_204/ZJ_WZ_contig_4117647.region001	0.0
514	514	1	582	ZJ_WZ_bin_154/ZJ_WZ_contig_15002768.region002	1.49011611938477e-08
320	320	1	515	ZJ_NB_bin_126/ZJ_NB_contig_14949570.region001	1.49011611938477e-08
270	270	1	225	JS_YC_bin_143/JS_YC_contig_6510465.region001	0.0
495	495	1	253	JS_YC_bin_203/JS_YC_contig_21296860.region001	2.1073424255447e-08
414	414	1	310	LN_DD_bin_170/LN_DD_contig_2192311.region001	0.0
351	351	1	543	ZJ_NB_bin_27/ZJ_NB_contig_12141422.region001	0.0
404	404	1	99	GD_ZH_bin_51/GD_ZH_contig_5428584.region001	0.0
448	448	1	619	ZJ_WZ_bin_219/ZJ_WZ_contig_13472811.region001	1.49011611938477e-08
435	435	1	465	SD_DY_bin_86/SD_DY_contig_21746912.region001	0.0
450	450	1	35	GD_ZH_bin_125/GD_ZH_contig_7111405.region001	2.1073424255447e-08
471	471	1	641	ZJ_WZ_bin_66/ZJ_WZ_contig_24681133.region001	0.0
487	487	1	545	ZJ_NB_bin_27/ZJ_NB_contig_8282436.region001	0.0
342	342	1	64	GD_ZH_bin_226/GD_ZH_contig_19975720.region001	0.0
362	362	1	233	JS_YC_bin_159/JS_YC_contig_22461621.region001	0.0
209	209	1	424	SD_DY_bin_425/SD_DY_contig_7489233.region001	1.49011611938477e-08
398	398	1	353	SD_DY_bin_178/SD_DY_contig_27579362.region001	0.0
504	504	1	453	SD_DY_bin_514/SD_DY_contig_8331705.region001	0.0
515	515	1	49	GD_ZH_bin_20/GD_ZH_contig_21300796.region001	0.0
477	477	1	16	GD_ST_bin_100/GD_ST_contig_4723645.region001	0.0
341	341	1	548	ZJ_NB_bin_29/ZJ_NB_contig_620586.region001	0.0
234	234	1	569	ZJ_WZ_bin_10/ZJ_WZ_contig_6650721.region001	2.1073424255447e-08
446	446	1	527	ZJ_NB_bin_146/ZJ_NB_contig_4217584.region001	0.0
378	378	1	311	LN_DD_bin_170/LN_DD_contig_22504336.region001	2.1073424255447e-08
213	213	1	145	GX_BH_bin_42/GX_BH_contig_10221047.region001	0.0
345	345	1	617	ZJ_WZ_bin_216/ZJ_WZ_contig_24076148.region001	0.0
318	318	1	624	ZJ_WZ_bin_220/ZJ_WZ_contig_25242890.region001	0.0
456	456	1	86	GD_ZH_bin_3/GD_ZH_contig_26260062.region001	0.0
518	518	1	231	JS_YC_bin_153/JS_YC_contig_26165720.region001	0.0
516	516	1	377	SD_DY_bin_291/SD_DY_contig_6213267.region001	0.0
479	479	1	486	SD_QD_bin_210/SD_QD_contig_16779813.region001	0.0
468	468	1	148	GX_BH_bin_43/GX_BH_contig_936746.region001	0.422210896304473
468	468	1	502	SD_QD_bin_44/SD_QD_contig_14416813.region001	0.367818649305815
468	468	1	156	GX_BH_bin_69/GX_BH_contig_22911309.region001	0.400697201925371
489	489	1	269	JS_YC_bin_42/JS_YC_contig_13093603.region001	0.0
295	295	1	81	GD_ZH_bin_27/GD_ZH_contig_24465168.region001	1.49011611938477e-08
419	419	1	130	GX_BH_bin_105/GX_BH_contig_1021579.region001	0.0
361	361	1	17	GD_ST_bin_135/GD_ST_contig_6145992.region001	0.0
246	246	1	111	GD_ZH_bin_81/GD_ZH_contig_25188772.region002	0.0
243	243	1	550	ZJ_NB_bin_49/ZJ_NB_contig_3689460.region001	0.0
451	451	1	634	ZJ_WZ_bin_60/ZJ_WZ_contig_18452205.region001	0.0
562	562	1	575	ZJ_WZ_bin_125/ZJ_WZ_contig_14331445.region001	0.0
440	440	1	196	JS_LYG_bin_137/JS_LYG_contig_2546501.region001	0.0
340	340	1	202	JS_LYG_bin_29/JS_LYG_contig_9611338.region001	0.0
275	275	1	333	LN_DD_bin_69/LN_DD_contig_15597930.region001	0.0
532	532	1	394	SD_DY_bin_327/SD_DY_contig_2314354.region001	0.0
511	511	1	384	SD_DY_bin_308/SD_DY_contig_19035083.region001	0.374924029333139
511	511	1	462	SD_DY_bin_70/SD_DY_contig_23097043.region001	0.374924029333139
540	540	1	404	SD_DY_bin_344/SD_DY_contig_23471664.region001	2.1073424255447e-08
523	523	1	400	SD_DY_bin_332/SD_DY_contig_9503705.region001	0.0
400	400	1	357	SD_DY_bin_200/SD_DY_contig_581325.region001	0.0
555	555	1	252	JS_YC_bin_203/JS_YC_contig_20679478.region001	0.0
564	564	1	55	GD_ZH_bin_207/GD_ZH_contig_11035848.region001	0.0
513	513	1	361	SD_DY_bin_232/SD_DY_contig_2611000.region001	0.363815860486084
513	513	1	224	JS_YC_bin_143/JS_YC_contig_26509841.region001	0.363815860486084
535	535	1	495	SD_QD_bin_250/SD_QD_contig_809665.region001	0.0
500	500	1	374	SD_DY_bin_287/SD_DY_contig_25158393.region001	0.0
509	509	1	27	GD_ZH_bin_111/GD_ZH_contig_20047269.region001	0.0
369	369	1	165	HN_SY_bin_119/HN_SY_contig_13348961.region001	1.49011611938477e-08
546	546	1	328	LN_DD_bin_33/LN_DD_contig_10836693.region002	2.1073424255447e-08
531	531	1	30	GD_ZH_bin_113/GD_ZH_contig_10806400.region001	0.0
529	529	1	153	GX_BH_bin_52/GX_BH_contig_6745036.region001	0.0
520	520	1	413	SD_DY_bin_39/SD_DY_contig_28922950.region001	0.0
560	560	1	309	LN_DD_bin_170/LN_DD_contig_17408839.region001	0.0
543	543	1	36	GD_ZH_bin_143/GD_ZH_contig_26040568.region001	0.0
550	550	1	625	ZJ_WZ_bin_228/ZJ_WZ_contig_10680920.region001	0.0
552	552	1	122	GX_BH_bin_100/GX_BH_contig_12122827.region001	0.0
519	519	1	596	ZJ_WZ_bin_17/ZJ_WZ_contig_6403591.region001	0.0
554	554	1	417	SD_DY_bin_392/SD_DY_contig_26172748.region001	2.1073424255447e-08
517	517	1	144	GX_BH_bin_37/GX_BH_contig_24093332.region001	2.1073424255447e-08
492	492	1	139	GX_BH_bin_33/GX_BH_contig_17258045.region001	0.0
393	393	1	305	LN_DD_bin_141/LN_DD_contig_67352.region001	0.0
561	561	1	597	ZJ_WZ_bin_180/ZJ_WZ_contig_9910845.region001	0.0
544	544	1	340	SD_DY_bin_118/SD_DY_contig_13090631.region001	0.0
533	533	1	26	GD_ZH_bin_111/GD_ZH_contig_15621398.region001	1.49011611938477e-08
542	542	1	454	SD_DY_bin_520/SD_DY_contig_5387054.region001	0.0
541	541	1	443	SD_DY_bin_501/SD_DY_contig_2231221.region002	2.58095682795178e-08
539	539	1	96	GD_ZH_bin_43/GD_ZH_contig_21355347.region001	0.0
395	395	1	163	HN_SY_bin_105/HN_SY_contig_13408442.region001	1.49011611938477e-08
522	522	1	281	JS_YC_bin_72/JS_YC_contig_1625486.region001	0.0
556	556	1	166	HN_SY_bin_121/HN_SY_contig_17845991.region001	0.0
527	527	1	335	LN_DD_bin_73/LN_DD_contig_11544331.region001	1.49011611938477e-08
558	558	1	553	ZJ_NB_bin_6/ZJ_NB_contig_15306841.region001	0.0
557	557	1	316	LN_DD_bin_190/LN_DD_contig_10929269.region001	2.1073424255447e-08
537	537	1	266	JS_YC_bin_41/JS_YC_contig_27825207.region001	0.0
501	501	1	638	ZJ_WZ_bin_60/ZJ_WZ_contig_8928421.region001	0.0
563	563	1	59	GD_ZH_bin_214/GD_ZH_contig_14663506.region001	0.0
565	565	1	631	ZJ_WZ_bin_51/ZJ_WZ_contig_549677.region001	0.0
